01/01/00 00:00:02,1027.95,22.04,46.37
01/01/00 00:00:03,1027.88,22.04,46.37
01/01/00 00:00:04,1027.87,22.04,46.47
01/01/00 00:00:05,1027.97,22.04,46.57
01/01/00 00:00:06,1027.97,22.05,46.47
01/01/00 00:00:08,1027.94,22.05,46.67
22/11/23 23:41:50,1027.96,22.08,46.87
22/11/23 23:41:51,1027.93,22.06,46.97
22/11/23 23:41:52,1027.88,22.08,46.97
22/11/23 23:41:53,1027.90,22.06,46.87
22/11/23 23:41:54,1027.84,22.06,46.87
22/11/23 23:41:56,1027.90,22.05,46.77
22/11/23 23:41:57,1027.93,22.09,46.97
22/11/23 23:41:58,1027.97,22.08,47.07
22/11/23 23:41:59,1027.84,22.09,47.07
22/11/23 23:42:00,1028.06,22.08,47.37
22/11/23 23:42:01,1027.80,22.09,47.57
22/11/23 23:42:02,1027.94,22.09,47.67
22/11/23 23:42:03,1027.79,22.11,47.77
22/11/23 23:42:05,1027.94,22.11,47.77
22/11/23 23:42:06,1027.91,22.11,47.67
22/11/23 23:42:07,1027.93,22.14,47.87
22/11/23 23:42:08,1027.98,22.14,48.27
22/11/23 23:42:09,1027.89,22.15,48.57
22/11/23 23:42:10,1027.98,22.15,48.67
22/11/23 23:42:11,1027.97,22.17,48.97
22/11/23 23:42:12,1027.87,22.17,48.87
22/11/23 23:42:14,1027.74,22.14,48.57
22/11/23 23:42:15,1027.77,22.14,48.17
22/11/23 23:42:16,1027.89,22.14,47.77
22/11/23 23:42:17,1027.89,22.09,47.47
22/11/23 23:42:18,1027.95,22.08,47.17
22/11/23 23:42:19,1027.87,22.05,46.97
22/11/23 23:42:20,1027.90,22.02,46.87
22/11/23 23:42:21,1027.78,22.02,46.77
22/11/23 23:42:22,1027.94,21.83,46.80
22/11/23 23:42:24,1027.81,21.59,46.72
22/11/23 23:42:25,1027.90,21.55,46.81
22/11/23 23:42:26,1027.78,21.37,46.84
22/11/23 23:42:27,1027.89,21.22,46.96
22/11/23 23:42:28,1027.83,20.91,47.08
22/11/23 23:42:29,1027.88,20.60,47.20
22/11/23 23:42:30,1027.87,20.41,47.53
22/11/23 23:42:31,1027.95,19.94,47.88
22/11/23 23:42:33,1027.95,19.27,48.35
22/11/23 23:42:34,1028.01,18.65,48.92
22/11/23 23:42:35,1028.07,18.32,49.75
22/11/23 23:42:36,1028.12,17.98,50.60
22/11/23 23:42:37,1028.12,17.89,51.40
22/11/23 23:42:38,1028.12,17.71,52.24
22/11/23 23:42:39,1028.08,17.58,52.94
22/11/23 23:42:40,1028.10,17.40,53.67
22/11/23 23:42:42,1028.15,16.98,54.43
22/11/23 23:42:43,1028.15,16.60,55.19
22/11/23 23:42:44,1028.16,16.52,56.00
22/11/23 23:42:45,1028.18,16.41,56.71
22/11/23 23:42:46,1028.06,16.29,57.44
22/11/23 23:42:47,1028.17,16.17,58.15
22/11/23 23:42:48,1028.26,16.06,58.78
22/11/23 23:42:49,1028.16,15.98,59.39
22/11/23 23:42:51,1028.25,15.91,60.03
22/11/23 23:42:52,1028.41,15.81,60.53
22/11/23 23:42:53,1028.26,15.74,61.04
22/11/23 23:42:54,1028.19,15.67,61.58
22/11/23 23:42:55,1028.24,15.60,62.08
22/11/23 23:42:56,1028.20,15.53,62.49
22/11/23 23:42:57,1028.32,15.43,62.92
22/11/23 23:42:58,1028.36,15.33,63.32
22/11/23 23:42:59,1028.47,15.22,63.66
22/11/23 23:43:01,1028.35,15.12,64.07
22/11/23 23:43:02,1028.47,15.07,64.37
22/11/23 23:43:03,1028.37,14.98,64.81
22/11/23 23:43:04,1028.42,14.93,65.11
22/11/23 23:43:05,1028.59,14.87,65.42
22/11/23 23:43:06,1028.54,14.79,65.75
22/11/23 23:43:07,1028.47,14.74,66.05
22/11/23 23:43:08,1028.57,14.67,66.46
22/11/23 23:43:10,1028.47,14.57,66.66
22/11/23 23:43:11,1028.56,14.53,67.10
22/11/23 23:43:12,1028.44,14.44,67.30
22/11/23 23:43:13,1028.52,14.42,67.61
22/11/23 23:43:14,1028.56,14.39,67.91
22/11/23 23:43:15,1028.63,14.39,68.22
22/11/23 23:43:16,1028.53,14.34,68.42
22/11/23 23:43:17,1028.63,14.27,68.66
22/11/23 23:43:19,1028.72,14.23,68.96
22/11/23 23:43:20,1028.54,14.16,69.17
22/11/23 23:43:21,1028.68,14.11,69.40
22/11/23 23:43:22,1028.57,14.06,69.60
22/11/23 23:43:23,1028.62,14.02,69.81
22/11/23 23:43:24,1028.67,13.99,70.11
22/11/23 23:43:25,1028.72,13.96,70.21
22/11/23 23:43:26,1028.62,13.94,70.52
22/11/23 23:43:27,1028.57,13.91,70.62
22/11/23 23:43:29,1028.66,13.84,70.86
22/11/23 23:43:30,1028.71,13.79,71.06
22/11/23 23:43:31,1028.76,13.75,71.26
22/11/23 23:43:32,1028.71,13.69,71.47
22/11/23 23:43:33,1028.62,13.63,71.70
22/11/23 23:43:34,1028.65,13.62,71.91
22/11/23 23:43:35,1028.81,13.54,72.11
22/11/23 23:43:36,1028.75,13.50,72.31
22/11/23 23:43:38,1028.80,13.47,72.52
22/11/23 23:43:39,1028.81,13.43,72.75
22/11/23 23:43:40,1028.79,13.38,72.86
22/11/23 23:43:41,1028.73,13.36,73.06
22/11/23 23:43:42,1028.77,13.32,73.26
22/11/23 23:43:43,1028.76,13.29,73.47
22/11/23 23:43:44,1028.90,13.28,73.67
22/11/23 23:43:45,1028.85,13.27,73.87
22/11/23 23:43:47,1028.74,13.22,73.97
22/11/23 23:43:48,1028.83,13.19,74.21
22/11/23 23:43:49,1028.76,13.16,74.32
22/11/23 23:43:50,1028.78,13.14,74.52
22/11/23 23:43:51,1028.85,13.13,74.62
22/11/23 23:43:52,1028.77,13.09,74.72
22/11/23 23:43:53,1028.68,13.09,74.93
22/11/23 23:43:54,1028.72,13.07,75.02
22/11/23 23:43:56,1028.79,13.04,75.13
22/11/23 23:43:57,1028.78,12.99,75.33
22/11/23 23:43:58,1028.75,12.96,75.47
22/11/23 23:43:59,1028.80,12.96,75.57
22/11/23 23:44:00,1028.80,12.92,75.67
22/11/23 23:44:01,1028.80,12.91,75.88
22/11/23 23:44:02,1028.78,12.91,75.98
22/11/23 23:44:03,1028.74,12.88,76.08
22/11/23 23:44:04,1028.89,12.87,76.18
22/11/23 23:44:06,1028.91,12.87,76.28
22/11/23 23:44:07,1028.92,12.84,76.49
22/11/23 23:44:08,1028.82,12.79,76.49
22/11/23 23:44:09,1028.78,12.76,76.69
22/11/23 23:44:10,1028.78,12.74,76.79
22/11/23 23:44:11,1028.86,12.74,76.90
22/11/23 23:44:12,1028.76,12.74,77.00
22/11/23 23:44:13,1028.79,12.73,77.14
22/11/23 23:44:15,1028.90,12.70,77.24
22/11/23 23:44:16,1028.78,12.71,77.24
22/11/23 23:44:17,1028.80,12.74,77.30
22/11/23 23:44:18,1028.83,12.76,77.40
22/11/23 23:44:19,1028.91,12.74,77.51
22/11/23 23:44:20,1028.89,12.73,77.55
22/11/23 23:44:21,1028.88,12.73,77.64
22/11/23 23:44:22,1028.90,12.73,77.64
22/11/23 23:44:24,1028.82,12.74,77.71
22/11/23 23:44:25,1028.85,12.73,77.75
22/11/23 23:44:26,1028.82,12.76,77.81
22/11/23 23:44:27,1028.78,12.77,77.81
22/11/23 23:44:28,1028.83,12.76,77.81
22/11/23 23:44:29,1028.83,12.76,77.81
22/11/23 23:44:30,1028.75,12.77,77.81
22/11/23 23:44:31,1028.79,12.76,77.91
22/11/23 23:44:33,1028.85,12.76,77.91
22/11/23 23:44:34,1028.90,12.76,77.91
22/11/23 23:44:35,1028.97,12.76,77.91
22/11/23 23:44:36,1028.80,12.74,77.91
22/11/23 23:44:37,1028.79,12.74,77.91
22/11/23 23:44:38,1028.84,12.76,77.91
22/11/23 23:44:39,1028.90,12.76,77.91
22/11/23 23:44:40,1028.76,12.77,77.91
22/11/23 23:44:41,1028.83,12.76,77.91
22/11/23 23:44:43,1028.81,12.77,77.91
22/11/23 23:44:44,1028.88,12.76,77.91
22/11/23 23:44:45,1028.82,12.74,77.91
22/11/23 23:44:46,1028.85,12.74,77.91
22/11/23 23:44:47,1028.90,12.74,77.91
22/11/23 23:44:48,1028.82,12.70,77.95
22/11/23 23:44:49,1028.77,12.70,77.95
22/11/23 23:44:50,1028.82,12.69,78.05
22/11/23 23:44:52,1028.80,12.69,78.05
22/11/23 23:44:53,1028.88,12.66,78.05
22/11/23 23:44:54,1028.85,12.66,78.05
22/11/23 23:44:55,1028.77,12.66,78.16
22/11/23 23:44:56,1028.80,12.62,78.16
22/11/23 23:44:57,1028.81,12.61,78.26
22/11/23 23:44:58,1028.83,12.59,78.26
22/11/23 23:44:59,1028.84,12.59,78.36
22/11/23 23:45:01,1028.83,12.58,78.36
22/11/23 23:45:02,1028.79,12.56,78.46
22/11/23 23:45:03,1028.92,12.55,78.46
22/11/23 23:45:04,1028.89,12.55,78.56
22/11/23 23:45:05,1028.79,12.52,78.60
22/11/23 23:45:06,1028.97,12.51,78.70
22/11/23 23:45:07,1028.80,12.51,78.70
22/11/23 23:45:08,1028.74,12.51,78.80
22/11/23 23:45:09,1028.89,12.51,78.80
22/11/23 23:45:11,1028.91,12.49,78.91
22/11/23 23:45:12,1028.87,12.46,78.91
22/11/23 23:45:13,1028.79,12.43,79.00
22/11/23 23:45:14,1028.86,12.44,79.11
22/11/23 23:45:15,1028.76,12.44,79.11
22/11/23 23:45:16,1028.74,12.44,79.21
22/11/23 23:45:17,1028.87,12.43,79.21
22/11/23 23:45:18,1028.90,12.43,79.21
22/11/23 23:45:20,1028.93,12.41,79.32
22/11/23 23:45:21,1028.88,12.41,79.32
22/11/23 23:45:22,1028.92,12.40,79.41
22/11/23 23:45:23,1028.77,12.37,79.41
22/11/23 23:45:24,1028.93,12.34,79.52
22/11/23 23:45:25,1028.79,12.31,79.52
22/11/23 23:45:26,1028.84,12.30,79.66
22/11/23 23:45:27,1028.87,12.30,79.75
22/11/23 23:45:29,1028.85,12.30,79.75
22/11/23 23:45:30,1028.86,12.30,79.86
22/11/23 23:45:31,1028.88,12.31,79.82
22/11/23 23:45:32,1028.86,12.30,79.96
22/11/23 23:45:33,1028.82,12.26,79.96
22/11/23 23:45:34,1028.79,12.26,80.07
22/11/23 23:45:35,1028.85,12.21,80.16
22/11/23 23:45:36,1028.94,12.22,80.16
22/11/23 23:45:38,1028.93,12.21,80.27
22/11/23 23:45:39,1028.92,12.21,80.27
22/11/23 23:45:40,1028.95,12.18,80.37
22/11/23 23:45:41,1028.88,12.19,80.37
22/11/23 23:45:42,1028.86,12.18,80.47
22/11/23 23:45:43,1028.83,12.21,80.57
22/11/23 23:45:44,1028.87,12.21,80.57
22/11/23 23:45:45,1028.82,12.21,80.68
22/11/23 23:45:46,1028.79,12.21,80.68
22/11/23 23:45:48,1028.79,12.19,80.68
22/11/23 23:45:49,1028.75,12.19,80.78
22/11/23 23:45:50,1028.82,12.19,80.78
22/11/23 23:45:51,1028.84,12.19,80.78
22/11/23 23:45:52,1028.95,12.19,80.88
22/11/23 23:45:53,1028.79,12.19,80.88
22/11/23 23:45:54,1028.89,12.19,80.88
22/11/23 23:45:55,1028.79,12.21,80.98
22/11/23 23:45:57,1028.86,12.19,80.98
22/11/23 23:45:58,1028.85,12.19,80.98
22/11/23 23:45:59,1028.86,12.19,80.98
22/11/23 23:46:00,1028.90,12.18,80.98
22/11/23 23:46:01,1028.86,12.18,80.98
22/11/23 23:46:02,1028.84,12.18,80.98
22/11/23 23:46:03,1028.72,12.16,81.09
22/11/23 23:46:04,1028.82,12.15,81.09
22/11/23 23:46:06,1028.74,12.15,81.09
22/11/23 23:46:07,1028.75,12.13,81.09
22/11/23 23:46:08,1028.83,12.13,81.09
22/11/23 23:46:09,1028.78,12.13,81.18
22/11/23 23:46:10,1028.85,12.13,81.18
22/11/23 23:46:11,1028.81,12.11,81.18
22/11/23 23:46:12,1028.89,12.11,81.18
22/11/23 23:46:13,1028.73,12.11,81.29
22/11/23 23:46:15,1028.81,12.11,81.29
22/11/23 23:46:16,1028.90,12.12,81.29
22/11/23 23:46:17,1028.74,12.08,81.29
22/11/23 23:46:18,1028.85,12.08,81.39
22/11/23 23:46:19,1028.83,12.07,81.39
22/11/23 23:46:20,1028.91,12.05,81.43
22/11/23 23:46:21,1028.87,12.04,81.53
22/11/23 23:46:22,1028.76,12.03,81.53
22/11/23 23:46:23,1028.77,12.03,81.53
22/11/23 23:46:25,1028.75,12.03,81.63
22/11/23 23:46:26,1028.74,12.03,81.63
22/11/23 23:46:27,1028.78,12.01,81.63
22/11/23 23:46:28,1028.87,12.03,81.73
22/11/23 23:46:29,1028.85,12.00,81.73
22/11/23 23:46:30,1028.76,12.00,81.73
22/11/23 23:46:31,1028.84,12.00,81.84
22/11/23 23:46:32,1028.94,12.00,81.84
22/11/23 23:46:34,1028.76,12.00,81.94
22/11/23 23:46:35,1028.79,12.01,81.94
22/11/23 23:46:36,1028.81,12.01,81.94
22/11/23 23:46:37,1028.90,12.03,81.94
22/11/23 23:46:38,1028.79,12.03,81.94
22/11/23 23:46:39,1028.87,12.03,82.04
22/11/23 23:46:40,1028.82,12.04,82.04
22/11/23 23:46:41,1028.83,12.03,82.04
22/11/23 23:46:43,1028.89,12.04,82.04
22/11/23 23:46:44,1028.86,12.05,82.04
22/11/23 23:46:45,1028.85,12.04,82.04
22/11/23 23:46:46,1028.82,12.05,82.04
22/11/23 23:46:47,1028.75,12.05,82.04
22/11/23 23:46:48,1028.76,12.05,82.04
22/11/23 23:46:49,1028.85,12.05,82.04
22/11/23 23:46:50,1028.93,12.07,82.00
22/11/23 23:46:52,1028.81,12.07,82.00
22/11/23 23:46:53,1028.96,12.07,82.00
22/11/23 23:46:54,1028.87,12.07,81.90
22/11/23 23:46:55,1028.84,12.07,81.90
22/11/23 23:46:56,1028.66,12.07,81.90
22/11/23 23:46:57,1028.83,12.05,81.94
22/11/23 23:46:58,1028.87,12.07,81.90
22/11/23 23:46:59,1028.90,12.05,81.94
22/11/23 23:47:00,1028.80,12.04,81.94
22/11/23 23:47:02,1028.90,12.05,81.94
22/11/23 23:47:03,1028.81,12.05,81.94
22/11/23 23:47:04,1028.73,12.05,81.94
22/11/23 23:47:05,1028.81,12.04,82.04
22/11/23 23:47:06,1028.78,12.01,82.04
22/11/23 23:47:07,1028.74,12.01,82.04
22/11/23 23:47:08,1028.77,12.01,82.04
22/11/23 23:47:09,1028.86,12.03,82.04
22/11/23 23:47:11,1028.87,12.04,82.04
22/11/23 23:47:12,1028.80,12.04,82.04
22/11/23 23:47:13,1028.85,12.05,82.04
22/11/23 23:47:14,1028.90,12.04,82.14
22/11/23 23:47:15,1028.79,12.05,82.14
22/11/23 23:47:16,1028.78,12.04,82.14
22/11/23 23:47:17,1028.83,12.05,82.14
22/11/23 23:47:18,1028.85,12.01,82.14
22/11/23 23:47:20,1028.83,12.01,82.14
22/11/23 23:47:21,1028.85,12.00,82.14
22/11/23 23:47:22,1028.75,12.00,82.14
22/11/23 23:47:23,1028.87,12.00,82.14
22/11/23 23:47:24,1028.84,12.00,82.14
22/11/23 23:47:25,1028.89,12.00,82.14
22/11/23 23:47:26,1028.85,11.98,82.14
22/11/23 23:47:27,1028.88,12.00,82.14
22/11/23 23:47:29,1028.90,11.98,82.24
22/11/23 23:47:30,1028.84,12.01,82.24
22/11/23 23:47:31,1028.84,12.00,82.24
22/11/23 23:47:32,1028.72,12.00,82.24
22/11/23 23:47:33,1028.78,11.97,82.24
22/11/23 23:47:34,1028.89,11.98,82.24
22/11/23 23:47:35,1028.80,12.00,82.24
22/11/23 23:47:36,1028.87,12.00,82.24
22/11/23 23:47:37,1028.85,12.00,82.24
22/11/23 23:47:39,1028.76,12.00,82.24
22/11/23 23:47:40,1028.78,12.00,82.35
22/11/23 23:47:41,1028.91,12.00,82.24
22/11/23 23:47:42,1028.82,12.00,82.24
22/11/23 23:47:43,1028.79,12.00,82.24
22/11/23 23:47:44,1028.85,12.00,82.35
22/11/23 23:47:45,1029.00,11.98,82.35
22/11/23 23:47:46,1028.82,11.98,82.24
22/11/23 23:47:48,1028.79,12.00,82.24
22/11/23 23:47:49,1028.77,11.98,82.35
22/11/23 23:47:50,1028.80,11.98,82.35
22/11/23 23:47:51,1028.86,11.97,82.35
22/11/23 23:47:52,1028.80,11.98,82.35
22/11/23 23:47:53,1028.80,11.98,82.35
22/11/23 23:47:54,1028.80,11.98,82.35
22/11/23 23:47:55,1028.75,11.97,82.35
22/11/23 23:47:57,1028.87,11.97,82.35
22/11/23 23:47:58,1028.80,11.97,82.35
22/11/23 23:47:59,1028.84,11.96,82.45
22/11/23 23:48:00,1028.85,11.96,82.45
22/11/23 23:48:01,1028.82,11.96,82.45
22/11/23 23:48:02,1028.80,11.94,82.45
22/11/23 23:48:03,1028.76,11.94,82.45
22/11/23 23:48:04,1028.89,11.94,82.45
22/11/23 23:48:06,1028.84,11.96,82.55
22/11/23 23:48:07,1028.79,11.96,82.55
22/11/23 23:48:08,1028.72,11.96,82.55
22/11/23 23:48:09,1028.92,11.97,82.55
22/11/23 23:48:10,1028.74,11.94,82.55
22/11/23 23:48:11,1028.77,11.96,82.55
22/11/23 23:48:12,1028.75,11.96,82.55
22/11/23 23:48:13,1028.75,11.97,82.55
22/11/23 23:48:14,1028.81,11.97,82.55
22/11/23 23:48:16,1028.82,11.97,82.55
22/11/23 23:48:17,1028.76,11.97,82.55
22/11/23 23:48:18,1028.84,11.97,82.55
22/11/23 23:48:19,1028.77,11.96,82.55
22/11/23 23:48:20,1028.82,11.93,82.55
22/11/23 23:48:21,1028.66,11.90,82.55
22/11/23 23:48:22,1028.89,11.88,82.55
22/11/23 23:48:23,1028.76,11.88,82.55
22/11/23 23:48:25,1028.83,11.88,82.65
22/11/23 23:48:26,1028.80,11.88,82.65
22/11/23 23:48:27,1028.89,11.87,82.65
22/11/23 23:48:28,1028.79,11.88,82.65
22/11/23 23:48:29,1028.66,11.87,82.65
22/11/23 23:48:30,1028.88,11.84,82.75
22/11/23 23:48:31,1028.69,11.82,82.79
22/11/23 23:48:32,1028.77,11.82,82.79
22/11/23 23:48:34,1028.84,11.84,82.86
22/11/23 23:48:35,1028.77,11.84,82.86
22/11/23 23:48:36,1028.87,11.84,82.86
22/11/23 23:48:37,1028.73,11.84,82.86
22/11/23 23:48:38,1028.81,11.84,82.96
22/11/23 23:48:39,1028.77,11.82,83.00
22/11/23 23:48:40,1028.79,11.85,82.96
22/11/23 23:48:41,1028.81,11.87,82.96
22/11/23 23:48:43,1028.84,11.87,82.96
22/11/23 23:48:44,1028.81,11.87,82.96
22/11/23 23:48:45,1028.78,11.87,82.96
22/11/23 23:48:46,1028.72,11.85,83.06
22/11/23 23:48:47,1028.88,11.85,83.06
22/11/23 23:48:48,1028.85,11.85,83.06
22/11/23 23:48:49,1028.85,11.87,83.06
22/11/23 23:48:50,1028.74,11.87,83.06
22/11/23 23:48:51,1028.81,11.85,83.06
22/11/23 23:48:53,1028.69,11.87,83.06
22/11/23 23:48:54,1028.78,11.87,83.06
22/11/23 23:48:55,1028.78,11.87,83.06
22/11/23 23:48:56,1028.76,11.88,83.06
22/11/23 23:48:57,1028.84,11.88,83.06
22/11/23 23:48:58,1028.85,11.90,83.06
22/11/23 23:48:59,1028.74,11.88,83.06
22/11/23 23:49:00,1028.80,11.88,83.06
22/11/23 23:49:02,1028.84,11.93,83.06
22/11/23 23:49:03,1028.77,11.93,82.96
22/11/23 23:49:04,1028.83,11.93,82.96
22/11/23 23:49:05,1028.79,11.94,82.96
22/11/23 23:49:06,1028.82,11.94,82.96
22/11/23 23:49:07,1028.84,11.96,82.96
22/11/23 23:49:08,1028.79,11.97,82.96
22/11/23 23:49:09,1028.76,11.98,82.96
22/11/23 23:49:11,1028.80,12.00,82.86
22/11/23 23:49:12,1028.79,11.98,82.86
22/11/23 23:49:13,1028.88,12.00,82.86
22/11/23 23:49:14,1028.88,11.97,82.86
22/11/23 23:49:15,1028.83,11.97,82.75
22/11/23 23:49:16,1028.75,12.01,82.75
22/11/23 23:49:17,1028.68,12.01,82.75
22/11/23 23:49:18,1028.83,12.03,82.75
22/11/23 23:49:20,1028.88,12.03,82.65
22/11/23 23:49:21,1028.77,12.04,82.65
22/11/23 23:49:22,1028.85,12.05,82.65
22/11/23 23:49:23,1028.83,12.05,82.55
22/11/23 23:49:24,1028.80,12.05,82.55
22/11/23 23:49:25,1028.79,12.07,82.51
22/11/23 23:49:26,1028.81,12.05,82.45
22/11/23 23:49:27,1028.79,12.08,82.41
22/11/23 23:49:28,1028.85,12.05,82.45
22/11/23 23:49:30,1028.80,12.04,82.45
22/11/23 23:49:31,1028.77,12.04,82.35
22/11/23 23:49:32,1028.74,12.04,82.35
22/11/23 23:49:33,1028.74,12.01,82.35
22/11/23 23:49:34,1028.83,12.01,82.35
22/11/23 23:49:35,1028.80,12.00,82.35
22/11/23 23:49:36,1028.78,11.98,82.35
22/11/23 23:49:37,1028.83,11.97,82.35
22/11/23 23:49:39,1028.87,11.97,82.45
22/11/23 23:49:40,1028.78,11.97,82.45
22/11/23 23:49:41,1028.68,11.98,82.45
22/11/23 23:49:42,1028.75,11.97,82.45
22/11/23 23:49:43,1028.79,11.94,82.45
22/11/23 23:49:44,1028.85,11.96,82.45
22/11/23 23:49:45,1028.85,11.96,82.45
22/11/23 23:49:46,1028.69,11.94,82.55
22/11/23 23:49:48,1028.72,11.94,82.55
22/11/23 23:49:49,1028.79,11.94,82.55
22/11/23 23:49:50,1028.79,11.93,82.55
22/11/23 23:49:51,1028.81,11.93,82.55
22/11/23 23:49:52,1028.83,11.90,82.65
22/11/23 23:49:53,1028.81,11.87,82.65
22/11/23 23:49:54,1028.79,11.90,82.65
22/11/23 23:49:55,1028.73,11.88,82.65
22/11/23 23:49:57,1028.76,11.85,82.75
22/11/23 23:49:58,1028.75,11.84,82.75
22/11/23 23:49:59,1028.88,11.85,82.75
22/11/23 23:50:00,1028.80,11.84,82.86
22/11/23 23:50:01,1028.80,11.82,82.89
22/11/23 23:50:02,1028.89,11.84,82.86
22/11/23 23:50:03,1028.87,11.82,82.89
22/11/23 23:50:04,1028.81,11.79,83.00
22/11/23 23:50:06,1028.78,11.81,83.00
22/11/23 23:50:07,1028.93,11.79,83.00
22/11/23 23:50:08,1028.82,11.78,83.10
22/11/23 23:50:09,1028.83,11.78,83.10
22/11/23 23:50:10,1028.87,11.79,83.10
22/11/23 23:50:11,1028.74,11.79,83.20
22/11/23 23:50:12,1028.86,11.79,83.20
22/11/23 23:50:13,1028.86,11.79,83.20
22/11/23 23:50:14,1028.84,11.81,83.20
22/11/23 23:50:16,1028.86,11.81,83.30
22/11/23 23:50:17,1028.83,11.81,83.30
22/11/23 23:50:18,1028.87,11.82,83.30
22/11/23 23:50:19,1028.96,11.82,83.30
22/11/23 23:50:20,1028.78,11.82,83.30
22/11/23 23:50:21,1028.79,11.82,83.30
22/11/23 23:50:22,1028.88,11.82,83.30
22/11/23 23:50:23,1028.83,11.82,83.30
22/11/23 23:50:25,1028.83,11.81,83.30
22/11/23 23:50:26,1028.82,11.79,83.30
22/11/23 23:50:27,1028.87,11.79,83.30
22/11/23 23:50:28,1028.72,11.79,83.30
22/11/23 23:50:29,1028.82,11.81,83.30
22/11/23 23:50:30,1028.83,11.81,83.30
22/11/23 23:50:31,1028.88,11.79,83.30
22/11/23 23:50:32,1028.80,11.82,83.40
22/11/23 23:50:34,1028.77,11.79,83.30
22/11/23 23:50:35,1028.91,11.82,83.40
22/11/23 23:50:36,1028.94,11.84,83.37
22/11/23 23:50:37,1028.87,11.85,83.37
22/11/23 23:50:38,1028.78,11.87,83.26
22/11/23 23:50:39,1028.80,11.90,83.26
22/11/23 23:50:40,1028.74,11.90,83.26
22/11/23 23:50:41,1028.79,11.90,83.26
22/11/23 23:50:43,1028.81,11.88,83.26
22/11/23 23:50:44,1028.79,11.90,83.16
22/11/23 23:50:45,1028.75,11.88,83.16
22/11/23 23:50:46,1028.68,11.88,83.16
22/11/23 23:50:47,1028.84,11.87,83.16
22/11/23 23:50:48,1028.72,11.88,83.16
22/11/23 23:50:49,1028.85,11.90,83.16
22/11/23 23:50:50,1028.77,11.90,83.06
22/11/23 23:50:51,1028.79,11.88,83.06
22/11/23 23:50:53,1028.84,11.88,83.06
22/11/23 23:50:54,1028.77,11.87,83.06
22/11/23 23:50:55,1028.78,11.87,83.06
22/11/23 23:50:56,1028.84,11.85,83.06
22/11/23 23:50:57,1028.81,11.85,83.06
22/11/23 23:50:58,1028.75,11.84,83.06
22/11/23 23:50:59,1028.82,11.85,83.06
22/11/23 23:51:00,1028.80,11.81,83.20
22/11/23 23:51:02,1028.83,11.81,83.20
22/11/23 23:51:03,1028.79,11.82,83.20
22/11/23 23:51:04,1028.80,11.82,83.20
22/11/23 23:51:05,1028.86,11.79,83.20
22/11/23 23:51:06,1028.76,11.81,83.30
22/11/23 23:51:07,1028.88,11.81,83.30
22/11/23 23:51:08,1028.87,11.81,83.30
22/11/23 23:51:09,1028.84,11.81,83.30
22/11/23 23:51:11,1028.80,11.79,83.30
22/11/23 23:51:12,1028.84,11.77,83.30
22/11/23 23:51:13,1028.83,11.78,83.40
22/11/23 23:51:14,1028.70,11.78,83.40
22/11/23 23:51:15,1028.96,11.78,83.40
22/11/23 23:51:16,1028.80,11.78,83.40
22/11/23 23:51:17,1028.71,11.77,83.40
22/11/23 23:51:18,1028.77,11.75,83.51
22/11/23 23:51:20,1028.73,11.77,83.51
22/11/23 23:51:21,1028.71,11.74,83.51
22/11/23 23:51:22,1028.76,11.74,83.51
22/11/23 23:51:23,1028.84,11.70,83.61
22/11/23 23:51:24,1028.79,11.74,83.61
22/11/23 23:51:25,1028.85,11.72,83.61
22/11/23 23:51:26,1028.94,11.72,83.71
22/11/23 23:51:27,1028.74,11.70,83.71
22/11/23 23:51:28,1028.83,11.70,83.71
22/11/23 23:51:30,1028.87,11.69,83.71
22/11/23 23:51:31,1028.83,11.70,83.81
22/11/23 23:51:32,1028.82,11.69,83.81
22/11/23 23:51:33,1028.86,11.67,83.81
22/11/23 23:51:34,1028.77,11.69,83.92
22/11/23 23:51:35,1028.84,11.67,83.92
22/11/23 23:51:36,1028.83,11.69,83.92
22/11/23 23:51:37,1028.84,11.69,83.92
22/11/23 23:51:39,1028.80,11.66,83.92
22/11/23 23:51:40,1028.86,11.67,84.01
22/11/23 23:51:41,1028.69,11.67,84.01
22/11/23 23:51:42,1028.76,11.69,84.01
22/11/23 23:51:43,1028.75,11.69,84.01
22/11/23 23:51:44,1028.85,11.69,84.01
22/11/23 23:51:45,1028.93,11.67,84.01
22/11/23 23:51:46,1028.93,11.67,84.01
22/11/23 23:51:48,1028.82,11.67,84.12
22/11/23 23:51:49,1028.85,11.66,84.12
22/11/23 23:51:50,1028.84,11.66,84.12
22/11/23 23:51:51,1028.78,11.66,84.12
22/11/23 23:51:52,1028.84,11.64,84.12
22/11/23 23:51:53,1028.88,11.64,84.12
22/11/23 23:51:54,1028.80,11.64,84.12
22/11/23 23:51:55,1028.81,11.63,84.12
22/11/23 23:51:57,1028.89,11.63,84.22
22/11/23 23:51:58,1028.90,11.63,84.22
22/11/23 23:51:59,1028.87,11.64,84.22
22/11/23 23:52:00,1028.83,11.64,84.22
22/11/23 23:52:01,1028.90,11.64,84.22
22/11/23 23:52:02,1028.89,11.64,84.22
22/11/23 23:52:03,1028.93,11.64,84.22
22/11/23 23:52:04,1028.90,11.62,84.36
22/11/23 23:52:05,1028.90,11.62,84.36
22/11/23 23:52:07,1028.87,11.62,84.36
22/11/23 23:52:08,1028.88,11.60,84.36
22/11/23 23:52:09,1028.90,11.57,84.36
22/11/23 23:52:10,1028.90,11.57,84.36
22/11/23 23:52:11,1028.85,11.56,84.47
22/11/23 23:52:12,1028.96,11.56,84.47
22/11/23 23:52:13,1028.87,11.56,84.47
22/11/23 23:52:14,1028.79,11.57,84.57
22/11/23 23:52:16,1028.82,11.57,84.57
22/11/23 23:52:17,1028.91,11.59,84.57
22/11/23 23:52:18,1028.84,11.57,84.57
22/11/23 23:52:19,1028.81,11.57,84.67
22/11/23 23:52:20,1028.79,11.57,84.57
22/11/23 23:52:21,1028.88,11.57,84.67
22/11/23 23:52:22,1028.84,11.54,84.67
22/11/23 23:52:23,1028.86,11.56,84.67
22/11/23 23:52:25,1028.85,11.56,84.67
22/11/23 23:52:26,1028.91,11.54,84.67
22/11/23 23:52:27,1028.91,11.51,84.67
22/11/23 23:52:28,1028.93,11.49,84.77
22/11/23 23:52:29,1028.92,11.48,84.77
22/11/23 23:52:30,1028.78,11.48,84.77
22/11/23 23:52:31,1028.91,11.48,84.77
22/11/23 23:52:32,1028.78,11.48,84.88
22/11/23 23:52:34,1028.79,11.48,84.88
22/11/23 23:52:35,1028.79,11.48,84.88
22/11/23 23:52:36,1028.96,11.46,84.88
22/11/23 23:52:37,1028.89,11.48,84.98
22/11/23 23:52:38,1028.81,11.48,84.98
22/11/23 23:52:39,1028.86,11.48,84.98
22/11/23 23:52:40,1028.92,11.46,85.08
22/11/23 23:52:41,1028.88,11.46,85.08
22/11/23 23:52:42,1028.85,11.48,85.08
22/11/23 23:52:44,1028.71,11.48,85.08
22/11/23 23:52:45,1028.82,11.46,85.08
22/11/23 23:52:46,1028.70,11.46,85.18
22/11/23 23:52:47,1028.84,11.46,85.18
22/11/23 23:52:48,1028.87,11.45,85.18
22/11/23 23:52:49,1028.80,11.45,85.18
22/11/23 23:52:50,1028.90,11.44,85.18
22/11/23 23:52:51,1028.79,11.45,85.28
22/11/23 23:52:53,1028.82,11.45,85.28
22/11/23 23:52:54,1028.81,11.48,85.28
22/11/23 23:52:55,1028.73,11.46,85.28
22/11/23 23:52:56,1028.85,11.46,85.38
22/11/23 23:52:57,1028.83,11.48,85.38
22/11/23 23:52:58,1028.92,11.46,85.38
22/11/23 23:52:59,1028.84,11.49,85.38
22/11/23 23:53:00,1028.80,11.49,85.38
22/11/23 23:53:02,1028.76,11.49,85.38
22/11/23 23:53:03,1028.87,11.53,85.38
22/11/23 23:53:04,1028.86,11.53,85.38
22/11/23 23:53:05,1028.83,11.51,85.28
22/11/23 23:53:06,1028.73,11.53,85.28
22/11/23 23:53:07,1028.72,11.56,85.28
22/11/23 23:53:08,1028.75,11.54,85.28
22/11/23 23:53:09,1028.78,11.56,85.28
22/11/23 23:53:11,1028.87,11.57,85.18
22/11/23 23:53:12,1028.83,11.56,85.18
22/11/23 23:53:13,1028.81,11.56,85.18
22/11/23 23:53:14,1028.77,11.59,85.18
22/11/23 23:53:15,1028.85,11.59,85.18
22/11/23 23:53:16,1028.73,11.59,85.08
22/11/23 23:53:17,1028.70,11.60,85.08
22/11/23 23:53:18,1028.74,11.62,85.08
22/11/23 23:53:19,1028.81,11.60,85.08
22/11/23 23:53:21,1028.80,11.60,85.08
22/11/23 23:53:22,1028.81,11.60,84.98
22/11/23 23:53:23,1028.80,11.60,84.98
22/11/23 23:53:24,1028.78,11.60,84.98
22/11/23 23:53:25,1028.74,11.59,84.98
22/11/23 23:53:26,1028.83,11.59,84.98
22/11/23 23:53:27,1028.78,11.60,84.88
22/11/23 23:53:28,1028.79,11.59,84.88
22/11/23 23:53:30,1028.80,11.60,84.88
22/11/23 23:53:31,1028.68,11.59,84.88
22/11/23 23:53:32,1028.79,11.57,84.88
22/11/23 23:53:33,1028.85,11.57,84.88
22/11/23 23:53:34,1028.83,11.57,84.88
22/11/23 23:53:35,1028.75,11.57,84.88
22/11/23 23:53:36,1028.73,11.57,84.88
22/11/23 23:53:37,1028.78,11.59,84.88
22/11/23 23:53:39,1028.89,11.59,84.88
22/11/23 23:53:40,1028.79,11.59,84.88
22/11/23 23:53:41,1028.76,11.56,84.88
22/11/23 23:53:42,1028.73,11.57,84.88
22/11/23 23:53:43,1028.75,11.59,84.88
22/11/23 23:53:44,1028.76,11.56,84.88
22/11/23 23:53:45,1028.76,11.56,84.88
22/11/23 23:53:46,1028.78,11.56,84.88
22/11/23 23:53:48,1028.94,11.54,84.88
22/11/23 23:53:49,1028.77,11.51,84.88
22/11/23 23:53:50,1028.88,11.56,84.98
22/11/23 23:53:51,1028.83,11.54,84.88
22/11/23 23:53:52,1028.82,11.54,84.98
22/11/23 23:53:53,1028.69,11.54,84.98
22/11/23 23:53:54,1028.81,11.54,84.98
22/11/23 23:53:55,1028.85,11.54,84.98
22/11/23 23:53:57,1028.65,11.54,84.98
22/11/23 23:53:58,1028.81,11.53,84.98
22/11/23 23:53:59,1028.85,11.51,84.98
22/11/23 23:54:00,1028.82,11.53,84.98
22/11/23 23:54:01,1028.83,11.49,84.98
22/11/23 23:54:02,1028.82,11.49,85.08
22/11/23 23:54:03,1028.82,11.49,85.08
22/11/23 23:54:04,1028.82,11.49,85.08
22/11/23 23:54:05,1028.76,11.51,85.08
22/11/23 23:54:07,1028.84,11.48,85.08
22/11/23 23:54:08,1028.80,11.49,85.08
22/11/23 23:54:09,1028.83,11.49,85.18
22/11/23 23:54:10,1028.79,11.49,85.18
22/11/23 23:54:11,1028.77,11.49,85.18
22/11/23 23:54:12,1028.84,11.48,85.18
22/11/23 23:54:13,1028.60,11.46,85.18
22/11/23 23:54:14,1028.76,11.49,85.18
22/11/23 23:54:16,1028.69,11.49,85.18
22/11/23 23:54:17,1028.78,11.48,85.28
22/11/23 23:54:18,1028.76,11.46,85.28
22/11/23 23:54:19,1028.80,11.46,85.28
22/11/23 23:54:20,1028.77,11.45,85.28
22/11/23 23:54:21,1028.80,11.46,85.28
22/11/23 23:54:22,1028.82,11.46,85.28
22/11/23 23:54:23,1028.83,11.48,85.28
22/11/23 23:54:25,1028.89,11.46,85.28
22/11/23 23:54:26,1028.76,11.49,85.28
22/11/23 23:54:27,1028.76,11.48,85.38
22/11/23 23:54:28,1028.72,11.46,85.38
22/11/23 23:54:29,1028.79,11.48,85.38
22/11/23 23:54:30,1028.75,11.48,85.38
22/11/23 23:54:31,1028.84,11.49,85.38
22/11/23 23:54:32,1028.87,11.46,85.38
22/11/23 23:54:34,1028.74,11.45,85.38
22/11/23 23:54:35,1028.81,11.46,85.38
22/11/23 23:54:36,1028.77,11.45,85.38
22/11/23 23:54:37,1028.78,11.45,85.38
22/11/23 23:54:38,1028.86,11.45,85.38
22/11/23 23:54:39,1028.89,11.45,85.38
22/11/23 23:54:40,1028.89,11.45,85.38
22/11/23 23:54:41,1028.81,11.46,85.38
22/11/23 23:54:43,1028.74,11.44,85.38
22/11/23 23:54:44,1028.81,11.44,85.49
22/11/23 23:54:45,1028.77,11.42,85.49
22/11/23 23:54:46,1028.68,11.41,85.49
22/11/23 23:54:47,1028.77,11.41,85.49
22/11/23 23:54:48,1028.82,11.41,85.49
22/11/23 23:54:49,1028.81,11.38,85.63
22/11/23 23:54:50,1028.76,11.39,85.59
22/11/23 23:54:51,1028.74,11.38,85.63
22/11/23 23:54:53,1028.74,11.41,85.59
22/11/23 23:54:54,1028.77,11.41,85.69
22/11/23 23:54:55,1028.78,11.41,85.69
22/11/23 23:54:56,1028.75,11.42,85.69
22/11/23 23:54:57,1028.84,11.44,85.69
22/11/23 23:54:58,1028.72,11.45,85.69
22/11/23 23:54:59,1028.75,11.46,85.69
22/11/23 23:55:00,1028.89,11.46,85.69
22/11/23 23:55:02,1028.89,11.48,85.69
22/11/23 23:55:03,1028.71,11.49,85.69
22/11/23 23:55:04,1028.76,11.49,85.59
22/11/23 23:55:05,1028.71,11.51,85.59
22/11/23 23:55:06,1028.72,11.48,85.59
22/11/23 23:55:07,1028.75,11.49,85.59
22/11/23 23:55:08,1028.63,11.49,85.59
22/11/23 23:55:09,1028.73,11.48,85.49
22/11/23 23:55:11,1028.81,11.49,85.49
22/11/23 23:55:12,1028.74,11.48,85.49
22/11/23 23:55:13,1028.78,11.48,85.49
22/11/23 23:55:14,1028.75,11.49,85.49
22/11/23 23:55:15,1028.72,11.48,85.49
22/11/23 23:55:16,1028.70,11.48,85.49
22/11/23 23:55:17,1028.75,11.46,85.49
22/11/23 23:55:18,1028.78,11.46,85.49
22/11/23 23:55:20,1028.78,11.46,85.49
22/11/23 23:55:21,1028.76,11.44,85.49
22/11/23 23:55:22,1028.74,11.44,85.49
22/11/23 23:55:23,1028.72,11.44,85.49
22/11/23 23:55:24,1028.71,11.44,85.49
22/11/23 23:55:25,1028.76,11.44,85.49
22/11/23 23:55:26,1028.74,11.44,85.49
22/11/23 23:55:27,1028.84,11.45,85.59
22/11/23 23:55:29,1028.74,11.45,85.59
22/11/23 23:55:30,1028.73,11.44,85.59
22/11/23 23:55:31,1028.70,11.41,85.59
22/11/23 23:55:32,1028.66,11.42,85.59
22/11/23 23:55:33,1028.78,11.42,85.59
22/11/23 23:55:34,1028.84,11.42,85.59
22/11/23 23:55:35,1028.77,11.42,85.59
22/11/23 23:55:36,1028.75,11.41,85.59
22/11/23 23:55:37,1028.70,11.39,85.69
22/11/23 23:55:39,1028.71,11.39,85.69
22/11/23 23:55:40,1028.65,11.39,85.69
22/11/23 23:55:41,1028.75,11.38,85.73
22/11/23 23:55:42,1028.76,11.38,85.73
22/11/23 23:55:43,1028.80,11.38,85.73
22/11/23 23:55:44,1028.72,11.36,85.83
22/11/23 23:55:45,1028.81,11.36,85.83
22/11/23 23:55:46,1028.84,11.38,85.83
22/11/23 23:55:48,1028.82,11.38,85.83
22/11/23 23:55:49,1028.74,11.38,85.83
22/11/23 23:55:50,1028.75,11.36,85.94
22/11/23 23:55:51,1028.77,11.38,85.94
22/11/23 23:55:52,1028.71,11.35,85.94
22/11/23 23:55:53,1028.78,11.35,85.94
22/11/23 23:55:54,1028.76,11.35,85.94
22/11/23 23:55:55,1028.82,11.35,85.94
22/11/23 23:55:57,1028.79,11.35,85.94
22/11/23 23:55:58,1028.80,11.35,86.04
22/11/23 23:55:59,1028.79,11.33,86.04
22/11/23 23:56:00,1028.71,11.33,86.04
22/11/23 23:56:01,1028.79,11.33,86.04
22/11/23 23:56:02,1028.85,11.31,86.04
22/11/23 23:56:03,1028.86,11.31,86.04
22/11/23 23:56:04,1028.75,11.31,86.14
22/11/23 23:56:06,1028.86,11.30,86.14
22/11/23 23:56:07,1028.74,11.28,86.14
22/11/23 23:56:08,1028.73,11.27,86.14
22/11/23 23:56:09,1028.78,11.27,86.14
22/11/23 23:56:10,1028.72,11.26,86.24
22/11/23 23:56:11,1028.79,11.26,86.24
22/11/23 23:56:12,1028.71,11.26,86.24
22/11/23 23:56:13,1028.73,11.24,86.24
22/11/23 23:56:14,1028.71,11.23,86.35
22/11/23 23:56:16,1028.74,11.21,86.35
22/11/23 23:56:17,1028.83,11.23,86.44
22/11/23 23:56:18,1028.78,11.21,86.44
22/11/23 23:56:19,1028.73,11.21,86.44
22/11/23 23:56:20,1028.77,11.20,86.44
22/11/23 23:56:21,1028.74,11.16,86.59
22/11/23 23:56:22,1028.70,11.13,86.59
22/11/23 23:56:23,1028.86,11.12,86.69
22/11/23 23:56:25,1028.76,11.16,86.69
22/11/23 23:56:26,1028.74,11.13,86.79
22/11/23 23:56:27,1028.71,11.12,86.79
22/11/23 23:56:28,1028.81,11.12,86.79
22/11/23 23:56:29,1028.80,11.13,86.90
22/11/23 23:56:30,1028.75,11.13,86.90
22/11/23 23:56:31,1028.78,11.12,87.00
22/11/23 23:56:32,1028.63,11.12,87.00
22/11/23 23:56:34,1028.73,11.11,87.00
22/11/23 23:56:35,1028.76,11.09,87.10
22/11/23 23:56:36,1028.76,11.09,87.10
22/11/23 23:56:37,1028.66,11.09,87.10
22/11/23 23:56:38,1028.78,11.11,87.20
22/11/23 23:56:39,1028.79,11.11,87.20
22/11/23 23:56:40,1028.82,11.09,87.20
22/11/23 23:56:41,1028.79,11.09,87.30
22/11/23 23:56:43,1028.86,11.08,87.30
22/11/23 23:56:44,1028.81,11.09,87.30
22/11/23 23:56:45,1028.72,11.11,87.30
22/11/23 23:56:46,1028.82,11.09,87.30
22/11/23 23:56:47,1028.78,11.09,87.30
22/11/23 23:56:48,1028.85,11.11,87.41
22/11/23 23:56:49,1028.73,11.12,87.41
22/11/23 23:56:50,1028.68,11.11,87.41
22/11/23 23:56:51,1028.89,11.11,87.41
22/11/23 23:56:53,1028.81,11.11,87.41
22/11/23 23:56:54,1028.72,11.11,87.41
22/11/23 23:56:55,1028.85,11.09,87.41
22/11/23 23:56:56,1028.81,11.11,87.41
22/11/23 23:56:57,1028.81,11.12,87.41
22/11/23 23:56:58,1028.79,11.13,87.41
22/11/23 23:56:59,1028.78,11.13,87.41
22/11/23 23:57:00,1028.73,11.16,87.41
22/11/23 23:57:02,1028.74,11.13,87.41
22/11/23 23:57:03,1028.70,11.16,87.41
22/11/23 23:57:04,1028.79,11.13,87.41
22/11/23 23:57:05,1028.88,11.12,87.41
22/11/23 23:57:06,1028.71,11.12,87.41
22/11/23 23:57:07,1028.81,11.13,87.41
22/11/23 23:57:08,1028.80,11.13,87.41
22/11/23 23:57:09,1028.85,11.12,87.41
22/11/23 23:57:11,1028.91,11.11,87.41
22/11/23 23:57:12,1028.77,11.12,87.41
22/11/23 23:57:13,1028.72,11.13,87.41
22/11/23 23:57:14,1028.75,11.11,87.41
22/11/23 23:57:15,1028.82,11.11,87.41
22/11/23 23:57:16,1028.69,11.12,87.41
22/11/23 23:57:17,1028.90,11.12,87.41
22/11/23 23:57:18,1028.85,11.11,87.41
22/11/23 23:57:20,1028.70,11.11,87.41
22/11/23 23:57:21,1028.76,11.13,87.41
22/11/23 23:57:22,1028.76,11.12,87.41
22/11/23 23:57:23,1028.73,11.11,87.41
22/11/23 23:57:24,1028.66,11.12,87.41
22/11/23 23:57:25,1028.70,11.13,87.41
22/11/23 23:57:26,1028.80,11.13,87.41
22/11/23 23:57:27,1028.66,11.12,87.41
22/11/23 23:57:29,1028.75,11.12,87.41
22/11/23 23:57:30,1028.76,11.11,87.41
22/11/23 23:57:31,1028.76,11.12,87.41
22/11/23 23:57:32,1028.72,11.09,87.41
22/11/23 23:57:33,1028.86,11.11,87.41
22/11/23 23:57:34,1028.74,11.12,87.41
22/11/23 23:57:35,1028.81,11.12,87.41
22/11/23 23:57:36,1028.70,11.13,87.41
22/11/23 23:57:37,1028.73,11.13,87.41
22/11/23 23:57:39,1028.76,11.13,87.41
22/11/23 23:57:40,1028.67,11.13,87.41
22/11/23 23:57:41,1028.76,11.13,87.41
22/11/23 23:57:42,1028.76,11.12,87.41
22/11/23 23:57:43,1028.66,11.12,87.41
22/11/23 23:57:44,1028.68,11.11,87.41
22/11/23 23:57:45,1028.78,11.12,87.41
22/11/23 23:57:46,1028.87,11.11,87.41
22/11/23 23:57:48,1028.81,11.11,87.41
22/11/23 23:57:49,1028.69,11.12,87.41
22/11/23 23:57:50,1028.65,11.12,87.41
22/11/23 23:57:51,1028.72,11.12,87.51
22/11/23 23:57:52,1028.75,11.12,87.51
22/11/23 23:57:53,1028.78,11.13,87.41
22/11/23 23:57:54,1028.73,11.12,87.51
22/11/23 23:57:55,1028.63,11.12,87.51
22/11/23 23:57:57,1028.71,11.13,87.41
22/11/23 23:57:58,1028.72,11.13,87.41
22/11/23 23:57:59,1028.68,11.13,87.51
22/11/23 23:58:00,1028.67,11.13,87.41
22/11/23 23:58:01,1028.86,11.16,87.51
22/11/23 23:58:02,1028.81,11.16,87.41
22/11/23 23:58:03,1028.77,11.17,87.37
22/11/23 23:58:04,1028.62,11.16,87.41
22/11/23 23:58:06,1028.77,11.19,87.37
22/11/23 23:58:07,1028.74,11.19,87.37
22/11/23 23:58:08,1028.87,11.19,87.37
22/11/23 23:58:09,1028.72,11.20,87.37
22/11/23 23:58:10,1028.67,11.21,87.37
22/11/23 23:58:11,1028.82,11.20,87.26
22/11/23 23:58:12,1028.82,11.21,87.26
22/11/23 23:58:13,1028.67,11.23,87.26
22/11/23 23:58:15,1028.77,11.23,87.26
22/11/23 23:58:16,1028.74,11.23,87.26
22/11/23 23:58:17,1028.74,11.24,87.16
22/11/23 23:58:18,1028.71,11.23,87.16
22/11/23 23:58:19,1028.62,11.24,87.16
22/11/23 23:58:20,1028.75,11.23,87.06
22/11/23 23:58:21,1028.76,11.23,87.06
22/11/23 23:58:22,1028.71,11.24,87.06
22/11/23 23:58:24,1028.72,11.24,87.06
22/11/23 23:58:25,1028.68,11.24,87.06
22/11/23 23:58:26,1028.73,11.23,87.06
22/11/23 23:58:27,1028.84,11.26,87.06
22/11/23 23:58:28,1028.74,11.24,86.96
22/11/23 23:58:29,1028.73,11.24,86.96
22/11/23 23:58:30,1028.72,11.26,86.96
22/11/23 23:58:31,1028.64,11.26,86.96
22/11/23 23:58:33,1028.64,11.26,86.96
22/11/23 23:58:34,1028.70,11.27,86.85
22/11/23 23:58:35,1028.72,11.26,86.85
22/11/23 23:58:36,1028.75,11.26,86.85
22/11/23 23:58:37,1028.66,11.24,86.85
22/11/23 23:58:38,1028.74,11.24,86.85
22/11/23 23:58:39,1028.75,11.26,86.85
22/11/23 23:58:40,1028.63,11.27,86.85
22/11/23 23:58:42,1028.72,11.27,86.85
22/11/23 23:58:43,1028.76,11.26,86.85
22/11/23 23:58:44,1028.68,11.27,86.85
22/11/23 23:58:45,1028.73,11.27,86.76
22/11/23 23:58:46,1028.74,11.26,86.76
22/11/23 23:58:47,1028.78,11.27,86.76
22/11/23 23:58:48,1028.81,11.28,86.76
22/11/23 23:58:49,1028.74,11.26,86.76
22/11/23 23:58:51,1028.81,11.26,86.76
22/11/23 23:58:52,1028.69,11.26,86.76
22/11/23 23:58:53,1028.77,11.26,86.76
22/11/23 23:58:54,1028.80,11.24,86.76
22/11/23 23:58:55,1028.80,11.26,86.76
22/11/23 23:58:56,1028.81,11.26,86.76
22/11/23 23:58:57,1028.68,11.26,86.76
22/11/23 23:58:58,1028.63,11.26,86.76
22/11/23 23:59:00,1028.72,11.27,86.76
22/11/23 23:59:01,1028.69,11.24,86.76
22/11/23 23:59:02,1028.72,11.24,86.76
22/11/23 23:59:03,1028.75,11.27,86.76
22/11/23 23:59:04,1028.76,11.26,86.76
22/11/23 23:59:05,1028.75,11.26,86.76
22/11/23 23:59:06,1028.72,11.26,86.76
22/11/23 23:59:07,1028.73,11.26,86.76
22/11/23 23:59:09,1028.75,11.26,86.76
22/11/23 23:59:10,1028.69,11.26,86.76
22/11/23 23:59:11,1028.79,11.26,86.76
22/11/23 23:59:12,1028.68,11.24,86.76
22/11/23 23:59:13,1028.84,11.23,86.76
22/11/23 23:59:14,1028.78,11.24,86.76
22/11/23 23:59:15,1028.72,11.26,86.76
22/11/23 23:59:16,1028.83,11.24,86.76
22/11/23 23:59:18,1028.71,11.23,86.76
22/11/23 23:59:19,1028.66,11.21,86.76
22/11/23 23:59:20,1028.69,11.21,86.76
22/11/23 23:59:21,1028.68,11.23,86.76
22/11/23 23:59:22,1028.86,11.23,86.76
22/11/23 23:59:23,1028.68,11.24,86.76
22/11/23 23:59:24,1028.65,11.24,86.76
22/11/23 23:59:25,1028.68,11.23,86.76
22/11/23 23:59:26,1028.68,11.21,86.76
22/11/23 23:59:28,1028.73,11.23,86.76
22/11/23 23:59:29,1028.72,11.21,86.85
22/11/23 23:59:30,1028.76,11.21,86.76
22/11/23 23:59:31,1028.84,11.20,86.85
22/11/23 23:59:32,1028.79,11.20,86.85
22/11/23 23:59:33,1028.79,11.20,86.85
22/11/23 23:59:34,1028.67,11.19,86.85
22/11/23 23:59:35,1028.85,11.20,86.85
22/11/23 23:59:37,1028.78,11.21,86.85
22/11/23 23:59:38,1028.78,11.20,86.96
22/11/23 23:59:39,1028.80,11.20,86.96
22/11/23 23:59:40,1028.70,11.20,86.96
22/11/23 23:59:41,1028.91,11.20,86.96
22/11/23 23:59:42,1028.79,11.17,86.96
22/11/23 23:59:43,1028.76,11.16,87.00
22/11/23 23:59:44,1028.74,11.16,87.00
22/11/23 23:59:46,1028.72,11.16,87.00
22/11/23 23:59:47,1028.70,11.16,87.10
22/11/23 23:59:48,1028.63,11.13,87.10
22/11/23 23:59:49,1028.82,11.13,87.10
22/11/23 23:59:50,1028.80,11.16,87.10
22/11/23 23:59:51,1028.89,11.13,87.20
22/11/23 23:59:52,1028.80,11.12,87.20
22/11/23 23:59:53,1028.72,11.12,87.20
22/11/23 23:59:55,1028.72,11.11,87.30
22/11/23 23:59:56,1028.75,11.11,87.30
22/11/23 23:59:57,1028.63,11.09,87.30
22/11/23 23:59:58,1028.84,11.11,87.30
22/11/23 23:59:59,1028.71,11.11,87.30
23/11/23 00:00:00,1028.85,11.11,87.41
23/11/23 00:00:01,1028.77,11.09,87.41
23/11/23 00:00:02,1028.80,11.09,87.41
23/11/23 00:00:04,1028.75,11.09,87.41
23/11/23 00:00:05,1028.93,11.11,87.41
23/11/23 00:00:06,1028.77,11.08,87.41
23/11/23 00:00:07,1028.80,11.08,87.41
23/11/23 00:00:08,1028.83,11.08,87.51
23/11/23 00:00:09,1028.88,11.08,87.51
23/11/23 00:00:10,1028.82,11.06,87.51
23/11/23 00:00:11,1028.73,11.05,87.51
23/11/23 00:00:13,1028.70,11.03,87.61
23/11/23 00:00:14,1028.78,11.02,87.61
23/11/23 00:00:15,1028.69,11.03,87.61
23/11/23 00:00:16,1028.72,11.03,87.61
23/11/23 00:00:17,1028.79,11.03,87.71
23/11/23 00:00:18,1028.68,11.02,87.71
23/11/23 00:00:19,1028.75,11.02,87.71
23/11/23 00:00:20,1028.92,11.02,87.71
23/11/23 00:00:22,1028.83,11.02,87.82
23/11/23 00:00:23,1028.73,11.02,87.82
23/11/23 00:00:24,1028.77,11.03,87.82
23/11/23 00:00:25,1028.73,11.03,87.82
23/11/23 00:00:26,1028.81,11.03,87.82
23/11/23 00:00:27,1028.75,11.05,87.92
23/11/23 00:00:28,1028.77,11.03,87.92
23/11/23 00:00:29,1028.85,11.03,87.92
23/11/23 00:00:31,1028.84,11.05,87.92
23/11/23 00:00:32,1028.90,11.03,87.92
23/11/23 00:00:33,1028.75,11.02,87.92
23/11/23 00:00:34,1028.73,11.03,87.92
23/11/23 00:00:35,1028.79,11.03,87.92
23/11/23 00:00:36,1028.83,11.05,87.92
23/11/23 00:00:37,1028.75,11.06,87.92
23/11/23 00:00:38,1028.76,11.06,87.92
23/11/23 00:00:40,1028.83,11.05,87.92
23/11/23 00:00:41,1028.79,11.03,87.92
23/11/23 00:00:42,1028.77,11.02,87.92
23/11/23 00:00:43,1028.86,11.02,87.92
23/11/23 00:00:44,1028.79,11.01,87.92
23/11/23 00:00:45,1028.85,11.02,87.92
23/11/23 00:00:46,1028.73,11.01,87.92
23/11/23 00:00:47,1028.72,11.01,88.02
23/11/23 00:00:49,1028.77,10.99,88.02
23/11/23 00:00:50,1028.81,10.98,88.02
23/11/23 00:00:51,1028.75,10.98,88.02
23/11/23 00:00:52,1028.71,10.98,88.02
23/11/23 00:00:53,1028.86,10.94,88.06
23/11/23 00:00:54,1028.68,10.94,88.17
23/11/23 00:00:55,1028.69,10.94,88.17
23/11/23 00:00:56,1028.78,10.93,88.17
23/11/23 00:00:57,1028.84,10.93,88.17
23/11/23 00:00:59,1028.76,10.93,88.26
23/11/23 00:01:00,1028.78,10.93,88.26
23/11/23 00:01:01,1028.80,10.94,88.26
23/11/23 00:01:02,1028.77,10.94,88.26
23/11/23 00:01:03,1028.80,10.94,88.26
23/11/23 00:01:04,1028.68,10.95,88.33
23/11/23 00:01:05,1028.79,10.95,88.33
23/11/23 00:01:06,1028.72,10.95,88.33
23/11/23 00:01:08,1028.77,10.98,88.33
23/11/23 00:01:09,1028.71,10.94,88.37
23/11/23 00:01:10,1028.77,10.98,88.33
23/11/23 00:01:11,1028.74,10.98,88.33
23/11/23 00:01:12,1028.75,10.98,88.33
23/11/23 00:01:13,1028.75,10.98,88.33
23/11/23 00:01:14,1028.71,10.99,88.33
23/11/23 00:01:15,1028.73,10.99,88.33
23/11/23 00:01:17,1028.66,10.98,88.33
23/11/23 00:01:18,1028.77,10.98,88.33
23/11/23 00:01:19,1028.74,10.98,88.33
23/11/23 00:01:20,1028.74,10.99,88.33
23/11/23 00:01:21,1028.78,10.99,88.33
23/11/23 00:01:22,1028.79,10.99,88.33
23/11/23 00:01:23,1028.85,11.02,88.33
23/11/23 00:01:24,1028.87,11.02,88.33
23/11/23 00:01:26,1028.79,11.01,88.33
23/11/23 00:01:27,1028.71,10.99,88.33
23/11/23 00:01:28,1028.71,11.01,88.33
23/11/23 00:01:29,1028.73,11.01,88.33
23/11/23 00:01:30,1028.76,11.01,88.33
23/11/23 00:01:31,1028.84,10.99,88.23
23/11/23 00:01:32,1028.87,11.01,88.23
23/11/23 00:01:33,1028.75,10.98,88.23
23/11/23 00:01:35,1028.80,10.95,88.23
23/11/23 00:01:36,1028.79,10.95,88.23
23/11/23 00:01:37,1028.77,10.95,88.23
23/11/23 00:01:38,1028.87,10.95,88.33
23/11/23 00:01:39,1028.82,10.95,88.33
23/11/23 00:01:40,1028.82,10.93,88.37
23/11/23 00:01:41,1028.76,10.94,88.37
23/11/23 00:01:42,1028.80,10.93,88.37
23/11/23 00:01:44,1028.78,10.93,88.37
23/11/23 00:01:45,1028.92,10.91,88.37
23/11/23 00:01:46,1028.76,10.90,88.47
23/11/23 00:01:47,1028.79,10.90,88.47
23/11/23 00:01:48,1028.93,10.90,88.47
23/11/23 00:01:49,1028.87,10.88,88.47
23/11/23 00:01:50,1028.77,10.88,88.57
23/11/23 00:01:51,1028.80,10.88,88.57
23/11/23 00:01:53,1028.82,10.88,88.57
23/11/23 00:01:54,1028.80,10.87,88.57
23/11/23 00:01:55,1028.85,10.88,88.57
23/11/23 00:01:56,1028.86,10.86,88.68
23/11/23 00:01:57,1028.85,10.86,88.68
23/11/23 00:01:58,1028.86,10.86,88.68
23/11/23 00:01:59,1028.77,10.86,88.68
23/11/23 00:02:00,1028.80,10.87,88.78
23/11/23 00:02:02,1028.75,10.86,88.78
23/11/23 00:02:03,1028.80,10.87,88.78
23/11/23 00:02:04,1028.70,10.88,88.78
23/11/23 00:02:05,1028.73,10.87,88.78
23/11/23 00:02:06,1028.78,10.88,88.78
23/11/23 00:02:07,1028.77,10.88,88.78
23/11/23 00:02:08,1028.72,10.88,88.88
23/11/23 00:02:09,1028.73,10.88,88.78
23/11/23 00:02:11,1028.81,10.87,88.88
23/11/23 00:02:12,1028.80,10.87,88.88
23/11/23 00:02:13,1028.81,10.87,88.88
23/11/23 00:02:14,1028.80,10.87,88.88
23/11/23 00:02:15,1028.81,10.88,88.88
23/11/23 00:02:16,1028.78,10.88,88.88
23/11/23 00:02:17,1028.82,10.90,88.88
23/11/23 00:02:18,1028.80,10.90,88.88
23/11/23 00:02:20,1028.74,10.90,88.88
23/11/23 00:02:21,1028.82,10.90,88.88
23/11/23 00:02:22,1028.79,10.91,88.88
23/11/23 00:02:23,1028.71,10.91,88.88
23/11/23 00:02:24,1028.84,10.91,88.88
23/11/23 00:02:25,1028.89,10.90,88.78
23/11/23 00:02:26,1028.87,10.93,88.78
23/11/23 00:02:27,1028.71,10.93,88.78
23/11/23 00:02:28,1028.84,10.95,88.74
23/11/23 00:02:30,1028.73,10.95,88.74
23/11/23 00:02:31,1028.76,10.95,88.74
23/11/23 00:02:32,1028.81,10.98,88.74
23/11/23 00:02:33,1028.79,10.98,88.74
23/11/23 00:02:34,1028.74,10.98,88.64
23/11/23 00:02:35,1028.69,10.98,88.64
23/11/23 00:02:36,1028.77,10.95,88.64
23/11/23 00:02:37,1028.77,10.95,88.64
23/11/23 00:02:39,1028.77,10.93,88.68
23/11/23 00:02:40,1028.79,10.94,88.68
23/11/23 00:02:41,1028.74,10.95,88.64
23/11/23 00:02:42,1028.79,10.95,88.64
23/11/23 00:02:43,1028.73,10.94,88.68
23/11/23 00:02:44,1028.79,10.94,88.68
23/11/23 00:02:45,1028.74,10.93,88.57
23/11/23 00:02:46,1028.65,10.91,88.57
23/11/23 00:02:48,1028.69,10.93,88.57
23/11/23 00:02:49,1028.79,10.93,88.57
23/11/23 00:02:50,1028.84,10.93,88.57
23/11/23 00:02:51,1028.75,10.93,88.57
23/11/23 00:02:52,1028.76,10.93,88.68
23/11/23 00:02:53,1028.74,10.93,88.68
23/11/23 00:02:54,1028.72,10.94,88.57
23/11/23 00:02:55,1028.81,10.93,88.57
23/11/23 00:02:57,1028.85,10.91,88.57
23/11/23 00:02:58,1028.71,10.93,88.57
23/11/23 00:02:59,1028.76,10.91,88.57
23/11/23 00:03:00,1028.70,10.93,88.57
23/11/23 00:03:01,1028.78,10.90,88.57
23/11/23 00:03:02,1028.74,10.90,88.57
23/11/23 00:03:03,1028.62,10.88,88.57
23/11/23 00:03:04,1028.78,10.87,88.68
23/11/23 00:03:06,1028.82,10.88,88.68
23/11/23 00:03:07,1028.86,10.87,88.68
23/11/23 00:03:08,1028.75,10.87,88.68
23/11/23 00:03:09,1028.74,10.87,88.68
23/11/23 00:03:10,1028.82,10.86,88.78
23/11/23 00:03:11,1028.85,10.86,88.78
23/11/23 00:03:12,1028.73,10.86,88.78
23/11/23 00:03:13,1028.79,10.86,88.78
23/11/23 00:03:15,1028.84,10.86,88.78
23/11/23 00:03:16,1028.80,10.86,88.88
23/11/23 00:03:17,1028.84,10.84,88.88
23/11/23 00:03:18,1028.80,10.84,88.88
23/11/23 00:03:19,1028.70,10.84,88.88
23/11/23 00:03:20,1028.81,10.86,88.88
23/11/23 00:03:21,1028.74,10.86,88.88
23/11/23 00:03:22,1028.78,10.86,88.88
23/11/23 00:03:24,1028.77,10.86,88.98
23/11/23 00:03:25,1028.90,10.86,88.98
23/11/23 00:03:26,1028.85,10.86,88.98
23/11/23 00:03:27,1028.76,10.88,88.98
23/11/23 00:03:28,1028.76,10.90,88.98
23/11/23 00:03:29,1028.76,10.91,88.98
23/11/23 00:03:30,1028.72,10.93,88.88
23/11/23 00:03:31,1028.78,10.91,88.88
23/11/23 00:03:33,1028.68,10.93,88.88
23/11/23 00:03:34,1028.66,10.94,88.88
23/11/23 00:03:35,1028.72,10.94,88.88
23/11/23 00:03:36,1028.83,10.95,88.84
23/11/23 00:03:37,1028.61,10.95,88.74
23/11/23 00:03:38,1028.78,10.98,88.74
23/11/23 00:03:39,1028.75,10.98,88.74
23/11/23 00:03:40,1028.72,10.99,88.74
23/11/23 00:03:42,1028.75,10.99,88.74
23/11/23 00:03:43,1028.83,10.99,88.64
23/11/23 00:03:44,1028.65,10.99,88.64
23/11/23 00:03:45,1028.75,11.01,88.64
23/11/23 00:03:46,1028.74,11.01,88.53
23/11/23 00:03:47,1028.79,11.01,88.53
23/11/23 00:03:48,1028.88,11.01,88.53
23/11/23 00:03:49,1028.68,11.02,88.53
23/11/23 00:03:51,1028.73,11.02,88.53
23/11/23 00:03:52,1028.83,11.02,88.43
23/11/23 00:03:53,1028.75,11.02,88.43
23/11/23 00:03:54,1028.79,11.03,88.43
23/11/23 00:03:55,1028.67,11.03,88.33
23/11/23 00:03:56,1028.71,11.03,88.33
23/11/23 00:03:57,1028.83,11.03,88.33
23/11/23 00:03:58,1028.76,11.03,88.33
23/11/23 00:03:00,1028.74,11.08,88.33
23/11/23 00:04:01,1028.61,11.06,88.23
23/11/23 00:04:02,1028.71,11.06,88.23
23/11/23 00:04:03,1028.73,11.05,88.23
23/11/23 00:04:04,1028.68,11.05,88.23
23/11/23 00:04:05,1028.73,11.03,88.23
23/11/23 00:04:06,1028.80,11.05,88.23
23/11/23 00:04:07,1028.67,11.05,88.12
23/11/23 00:04:08,1028.75,11.05,88.12
23/11/23 00:04:10,1028.72,11.06,88.12
23/11/23 00:04:11,1028.74,11.05,88.12
23/11/23 00:04:12,1028.71,11.06,88.12
23/11/23 00:04:13,1028.75,11.06,88.12
23/11/23 00:04:14,1028.75,11.08,88.12
23/11/23 00:04:15,1028.72,11.08,88.12
23/11/23 00:04:16,1028.75,11.08,88.12
23/11/23 00:04:17,1028.83,11.08,88.12
23/11/23 00:04:19,1028.74,11.08,88.12
23/11/23 00:04:20,1028.75,11.08,88.12
23/11/23 00:04:21,1028.79,11.06,88.12
23/11/23 00:04:22,1028.82,11.08,88.12
23/11/23 00:04:23,1028.76,11.05,88.02
23/11/23 00:04:24,1028.71,11.06,88.02
23/11/23 00:04:25,1028.78,11.05,88.02
23/11/23 00:04:26,1028.83,11.05,88.02
23/11/23 00:04:28,1028.81,11.05,88.12
23/11/23 00:04:29,1028.79,11.02,88.12
23/11/23 00:04:30,1028.82,11.03,88.12
23/11/23 00:04:31,1028.81,11.02,88.12
23/11/23 00:04:32,1028.83,11.01,88.12
23/11/23 00:04:33,1028.74,10.99,88.12
23/11/23 00:04:34,1028.83,11.01,88.12
23/11/23 00:04:35,1028.77,10.99,88.12
23/11/23 00:04:37,1028.79,10.99,88.12
23/11/23 00:04:38,1028.76,10.98,88.23
23/11/23 00:04:39,1028.76,10.95,88.23
23/11/23 00:04:40,1028.82,10.98,88.23
23/11/23 00:04:41,1028.83,10.98,88.23
23/11/23 00:04:42,1028.67,10.95,88.23
23/11/23 00:04:43,1028.80,10.95,88.23
23/11/23 00:04:44,1028.75,10.93,88.26
23/11/23 00:04:46,1028.81,10.93,88.37
23/11/23 00:04:47,1028.84,10.93,88.37
23/11/23 00:04:48,1028.70,10.90,88.37
23/11/23 00:04:49,1028.80,10.90,88.37
23/11/23 00:04:50,1028.84,10.90,88.37
23/11/23 00:04:51,1028.82,10.90,88.47
23/11/23 00:04:52,1028.77,10.87,88.47
23/11/23 00:04:53,1028.80,10.88,88.47
23/11/23 00:04:55,1028.76,10.87,88.57
23/11/23 00:04:56,1028.87,10.87,88.57
23/11/23 00:04:57,1028.78,10.86,88.57
23/11/23 00:04:58,1028.74,10.87,88.68
23/11/23 00:04:59,1028.71,10.88,88.68
23/11/23 00:05:00,1028.91,10.87,88.68
23/11/23 00:05:01,1028.71,10.87,88.68
23/11/23 00:05:02,1028.74,10.86,88.68
23/11/23 00:05:04,1028.86,10.87,88.78
23/11/23 00:05:05,1028.74,10.84,88.78
23/11/23 00:05:06,1028.75,10.86,88.78
23/11/23 00:05:07,1028.89,10.86,88.78
23/11/23 00:05:08,1028.88,10.86,88.88
23/11/23 00:05:09,1028.81,10.86,88.88
23/11/23 00:05:10,1028.75,10.86,88.88
23/11/23 00:05:11,1028.81,10.87,88.88
23/11/23 00:05:13,1028.84,10.87,88.88
23/11/23 00:05:14,1028.81,10.86,88.88
23/11/23 00:05:15,1028.85,10.86,88.88
23/11/23 00:05:16,1028.77,10.86,88.88
23/11/23 00:05:17,1028.76,10.84,88.98
23/11/23 00:05:18,1028.79,10.86,88.98
23/11/23 00:05:19,1028.79,10.84,88.98
23/11/23 00:05:20,1028.87,10.84,88.98
23/11/23 00:05:22,1028.77,10.86,88.98
23/11/23 00:05:23,1028.79,10.86,88.98
23/11/23 00:05:24,1028.83,10.86,88.98
23/11/23 00:05:25,1028.79,10.87,88.98
23/11/23 00:05:26,1028.76,10.86,88.98
23/11/23 00:05:27,1028.79,10.84,88.98
23/11/23 00:05:28,1028.81,10.86,88.98
23/11/23 00:05:29,1028.71,10.86,88.98
23/11/23 00:05:31,1028.72,10.86,88.98
23/11/23 00:05:32,1028.84,10.86,88.98
23/11/23 00:05:33,1028.82,10.86,88.98
23/11/23 00:05:34,1028.85,10.87,88.98
23/11/23 00:05:35,1028.73,10.87,88.98
23/11/23 00:05:36,1028.85,10.87,88.98
23/11/23 00:05:37,1028.80,10.86,88.98
23/11/23 00:05:38,1028.69,10.84,88.98
23/11/23 00:05:40,1028.84,10.84,88.98
23/11/23 00:05:41,1028.71,10.83,88.98
23/11/23 00:05:42,1028.74,10.83,88.98
23/11/23 00:05:43,1028.68,10.83,88.98
23/11/23 00:05:44,1028.81,10.84,88.98
23/11/23 00:05:45,1028.74,10.83,89.09
23/11/23 00:05:46,1028.71,10.86,89.09
23/11/23 00:05:47,1028.80,10.86,89.09
23/11/23 00:05:48,1028.77,10.86,89.09
23/11/23 00:05:50,1028.83,10.84,89.09
23/11/23 00:05:51,1028.85,10.84,89.09
23/11/23 00:05:52,1028.83,10.83,89.09
23/11/23 00:05:53,1028.73,10.83,89.09
23/11/23 00:05:54,1028.75,10.83,89.09
23/11/23 00:05:55,1028.75,10.83,89.09
23/11/23 00:05:56,1028.79,10.81,89.09
23/11/23 00:05:57,1028.83,10.80,89.09
23/11/23 00:05:59,1028.85,10.80,89.09
23/11/23 00:06:00,1028.75,10.80,89.18
23/11/23 00:06:01,1028.81,10.78,89.18
23/11/23 00:06:02,1028.74,10.80,89.18
23/11/23 00:06:03,1028.80,10.80,89.18
23/11/23 00:06:04,1028.91,10.80,89.18
23/11/23 00:06:05,1028.71,10.76,89.18
23/11/23 00:06:06,1028.89,10.76,89.29
23/11/23 00:06:08,1028.72,10.76,89.29
23/11/23 00:06:09,1028.81,10.75,89.29
23/11/23 00:06:10,1028.86,10.73,89.29
23/11/23 00:06:11,1028.80,10.73,89.29
23/11/23 00:06:12,1028.80,10.72,89.39
23/11/23 00:06:13,1028.79,10.70,89.43
23/11/23 00:06:14,1028.83,10.70,89.43
23/11/23 00:06:15,1028.86,10.72,89.50
23/11/23 00:06:17,1028.76,10.72,89.50
23/11/23 00:06:18,1028.81,10.70,89.53
23/11/23 00:06:19,1028.83,10.70,89.53
23/11/23 00:06:20,1028.86,10.69,89.64
23/11/23 00:06:21,1028.82,10.69,89.64
23/11/23 00:06:22,1028.87,10.70,89.64
23/11/23 00:06:23,1028.82,10.69,89.64
23/11/23 00:06:24,1028.83,10.70,89.64
23/11/23 00:06:26,1028.80,10.68,89.64
23/11/23 00:06:27,1028.92,10.68,89.74
23/11/23 00:06:28,1028.75,10.66,89.74
23/11/23 00:06:29,1028.83,10.65,89.74
23/11/23 00:06:30,1028.83,10.65,89.74
23/11/23 00:06:31,1028.83,10.65,89.84
23/11/23 00:06:32,1028.84,10.63,89.84
23/11/23 00:06:33,1028.85,10.62,89.84
23/11/23 00:06:35,1028.84,10.62,89.94
23/11/23 00:06:36,1028.78,10.65,89.94
23/11/23 00:06:37,1028.85,10.62,89.94
23/11/23 00:06:38,1028.82,10.60,89.94
23/11/23 00:06:39,1028.75,10.58,90.05
23/11/23 00:06:40,1028.78,10.60,90.05
23/11/23 00:06:41,1028.80,10.60,90.05
23/11/23 00:06:42,1028.76,10.58,90.15
23/11/23 00:06:44,1028.75,10.58,90.15
23/11/23 00:06:45,1028.80,10.58,90.15
23/11/23 00:06:46,1028.86,10.58,90.15
23/11/23 00:06:47,1028.78,10.58,90.25
23/11/23 00:06:48,1028.85,10.60,90.25
23/11/23 00:06:49,1028.84,10.60,90.25
23/11/23 00:06:50,1028.78,10.58,90.25
23/11/23 00:06:51,1028.83,10.58,90.25
23/11/23 00:06:53,1028.86,10.57,90.36
23/11/23 00:06:54,1028.82,10.57,90.36
23/11/23 00:06:55,1028.71,10.57,90.36
23/11/23 00:06:56,1028.82,10.57,90.36
23/11/23 00:06:57,1028.80,10.57,90.36
23/11/23 00:06:58,1028.86,10.58,90.36
23/11/23 00:06:59,1028.81,10.57,90.45
23/11/23 00:07:00,1028.78,10.57,90.45
23/11/23 00:07:02,1028.74,10.55,90.45
23/11/23 00:07:03,1028.81,10.57,90.45
23/11/23 00:07:04,1028.76,10.55,90.45
23/11/23 00:07:05,1028.77,10.55,90.45
23/11/23 00:07:06,1028.80,10.55,90.56
23/11/23 00:07:07,1028.83,10.54,90.56
23/11/23 00:07:08,1028.74,10.54,90.56
23/11/23 00:07:09,1028.81,10.54,90.56
23/11/23 00:07:11,1028.81,10.52,90.56
23/11/23 00:07:12,1028.80,10.54,90.66
23/11/23 00:07:13,1028.78,10.51,90.66
23/11/23 00:07:14,1028.76,10.52,90.66
23/11/23 00:07:15,1028.74,10.54,90.66
23/11/23 00:07:16,1028.83,10.52,90.66
23/11/23 00:07:17,1028.81,10.54,90.66
23/11/23 00:07:18,1028.74,10.55,90.77
23/11/23 00:07:20,1028.70,10.55,90.77
23/11/23 00:07:21,1028.85,10.55,90.77
23/11/23 00:07:22,1028.73,10.54,90.77
23/11/23 00:07:23,1028.66,10.55,90.77
23/11/23 00:07:24,1028.75,10.52,90.77
23/11/23 00:07:25,1028.74,10.52,90.77
23/11/23 00:07:26,1028.64,10.54,90.77
23/11/23 00:07:27,1028.76,10.55,90.77
23/11/23 00:07:29,1028.75,10.55,90.77
23/11/23 00:07:30,1028.70,10.54,90.77
23/11/23 00:07:31,1028.74,10.54,90.77
23/11/23 00:07:32,1028.76,10.54,90.77
23/11/23 00:07:33,1028.79,10.55,90.77
23/11/23 00:07:34,1028.72,10.58,90.77
23/11/23 00:07:35,1028.80,10.57,90.77
23/11/23 00:07:36,1028.73,10.58,90.77
23/11/23 00:07:37,1028.76,10.58,90.77
23/11/23 00:07:39,1028.83,10.60,90.77
23/11/23 00:07:40,1028.72,10.60,90.77
23/11/23 00:07:41,1028.63,10.62,90.77
23/11/23 00:07:42,1028.68,10.60,90.77
23/11/23 00:07:43,1028.80,10.63,90.66
23/11/23 00:07:44,1028.70,10.62,90.66
23/11/23 00:07:45,1028.81,10.65,90.66
23/11/23 00:07:46,1028.80,10.65,90.66
23/11/23 00:07:48,1028.70,10.66,90.66
23/11/23 00:07:49,1028.73,10.68,90.56
23/11/23 00:07:50,1028.69,10.69,90.56
23/11/23 00:07:51,1028.84,10.69,90.56
23/11/23 00:07:52,1028.78,10.69,90.56
23/11/23 00:07:53,1028.72,10.70,90.45
23/11/23 00:07:54,1028.71,10.72,90.41
23/11/23 00:07:55,1028.75,10.72,90.31
23/11/23 00:07:57,1028.72,10.72,90.31
23/11/23 00:07:58,1028.76,10.73,90.31
23/11/23 00:07:59,1028.67,10.75,90.21
23/11/23 00:08:00,1028.78,10.75,90.21
23/11/23 00:08:01,1028.74,10.76,90.21
23/11/23 00:08:02,1028.79,10.75,90.11
23/11/23 00:08:03,1028.71,10.76,90.11
23/11/23 00:08:04,1028.74,10.78,90.00
23/11/23 00:08:06,1028.75,10.78,90.00
23/11/23 00:08:07,1028.78,10.76,90.00
23/11/23 00:08:08,1028.72,10.78,89.90
23/11/23 00:08:09,1028.73,10.76,89.90
23/11/23 00:08:10,1028.75,10.76,89.90
23/11/23 00:08:11,1028.76,10.78,89.80
23/11/23 00:08:12,1028.77,10.78,89.80
23/11/23 00:08:13,1028.89,10.76,89.80
23/11/23 00:08:15,1028.79,10.76,89.80
23/11/23 00:08:16,1028.84,10.78,89.80
23/11/23 00:08:17,1028.84,10.78,89.70
23/11/23 00:08:18,1028.75,10.76,89.70
23/11/23 00:08:19,1028.82,10.76,89.70
23/11/23 00:08:20,1028.71,10.73,89.70
23/11/23 00:08:21,1028.76,10.73,89.70
23/11/23 00:08:22,1028.76,10.73,89.70
23/11/23 00:08:24,1028.77,10.75,89.70
23/11/23 00:08:25,1028.83,10.73,89.70
23/11/23 00:08:26,1028.68,10.75,89.70
23/11/23 00:08:27,1028.73,10.73,89.70
23/11/23 00:08:28,1028.72,10.73,89.70
23/11/23 00:08:29,1028.68,10.73,89.70
23/11/23 00:08:30,1028.66,10.73,89.70
23/11/23 00:08:31,1028.72,10.73,89.70
23/11/23 00:08:33,1028.68,10.72,89.80
23/11/23 00:08:34,1028.76,10.73,89.80
23/11/23 00:08:35,1028.73,10.73,89.80
23/11/23 00:08:36,1028.75,10.73,89.80
23/11/23 00:08:37,1028.75,10.72,89.80
23/11/23 00:08:38,1028.63,10.70,89.84
23/11/23 00:08:39,1028.75,10.72,89.80
23/11/23 00:08:40,1028.69,10.73,89.80
23/11/23 00:08:42,1028.72,10.72,89.80
23/11/23 00:08:43,1028.73,10.70,89.84
23/11/23 00:08:44,1028.77,10.72,89.80
23/11/23 00:08:45,1028.73,10.70,89.84
23/11/23 00:08:46,1028.78,10.70,89.84
23/11/23 00:08:47,1028.94,10.70,89.84
23/11/23 00:08:48,1028.76,10.70,89.84
23/11/23 00:08:49,1028.74,10.69,89.94
23/11/23 00:08:51,1028.74,10.69,89.94
23/11/23 00:08:52,1028.78,10.68,89.94
23/11/23 00:08:53,1028.68,10.66,89.94
23/11/23 00:08:54,1028.64,10.68,89.94
23/11/23 00:08:55,1028.79,10.66,89.94
23/11/23 00:08:56,1028.71,10.66,90.05
23/11/23 00:08:57,1028.82,10.65,90.05
23/11/23 00:08:58,1028.67,10.63,90.05
23/11/23 00:09:00,1028.74,10.62,90.05
23/11/23 00:09:01,1028.76,10.63,90.15
23/11/23 00:09:02,1028.64,10.63,90.15
23/11/23 00:09:03,1028.69,10.63,90.15
23/11/23 00:09:04,1028.77,10.62,90.15
23/11/23 00:09:05,1028.73,10.62,90.15
23/11/23 00:09:06,1028.80,10.62,90.25
23/11/23 00:09:07,1028.73,10.62,90.25
23/11/23 00:09:09,1028.75,10.63,90.25
23/11/23 00:09:10,1028.78,10.63,90.25
23/11/23 00:09:11,1028.62,10.65,90.25
23/11/23 00:09:12,1028.72,10.66,90.25
23/11/23 00:09:13,1028.76,10.66,90.25
23/11/23 00:09:14,1028.69,10.66,90.25
23/11/23 00:09:15,1028.81,10.68,90.25
23/11/23 00:09:16,1028.73,10.66,90.25
23/11/23 00:09:18,1028.71,10.66,90.25
23/11/23 00:09:19,1028.72,10.66,90.25
23/11/23 00:09:20,1028.71,10.65,90.25
23/11/23 00:09:21,1028.73,10.65,90.25
23/11/23 00:09:22,1028.63,10.65,90.25
23/11/23 00:09:23,1028.79,10.65,90.25
23/11/23 00:09:24,1028.73,10.65,90.25
23/11/23 00:09:25,1028.62,10.65,90.36
23/11/23 00:09:27,1028.63,10.66,90.36
23/11/23 00:09:28,1028.66,10.66,90.36
23/11/23 00:09:29,1028.60,10.66,90.36
23/11/23 00:09:30,1028.65,10.66,90.25
23/11/23 00:09:31,1028.62,10.68,90.36
23/11/23 00:09:32,1028.68,10.68,90.25
23/11/23 00:09:33,1028.74,10.69,90.25
23/11/23 00:09:34,1028.67,10.68,90.25
23/11/23 00:09:36,1028.71,10.66,90.25
23/11/23 00:09:37,1028.69,10.68,90.25
23/11/23 00:09:38,1028.63,10.68,90.25
23/11/23 00:09:39,1028.70,10.66,90.25
23/11/23 00:09:40,1028.57,10.69,90.25
23/11/23 00:09:41,1028.65,10.69,90.25
23/11/23 00:09:42,1028.58,10.69,90.25
23/11/23 00:09:43,1028.66,10.70,90.25
23/11/23 00:09:45,1028.64,10.70,90.25
23/11/23 00:09:46,1028.64,10.69,90.25
23/11/23 00:09:47,1028.70,10.70,90.25
23/11/23 00:09:48,1028.70,10.70,90.15
23/11/23 00:09:49,1028.60,10.70,90.15
23/11/23 00:09:50,1028.65,10.70,90.15
23/11/23 00:09:51,1028.72,10.69,90.15
23/11/23 00:09:52,1028.72,10.72,90.11
23/11/23 00:09:54,1028.71,10.72,90.11
23/11/23 00:09:55,1028.71,10.73,90.11
23/11/23 00:09:56,1028.71,10.72,90.11
23/11/23 00:09:57,1028.59,10.72,90.11
23/11/23 00:09:58,1028.58,10.73,90.00
23/11/23 00:09:59,1028.60,10.73,90.00
23/11/23 00:10:00,1028.69,10.75,90.00
23/11/23 00:10:01,1028.64,10.73,90.00
23/11/23 00:10:02,1028.61,10.75,90.00
23/11/23 00:10:04,1028.78,10.75,90.00
23/11/23 00:10:05,1028.77,10.76,90.00
23/11/23 00:10:06,1028.75,10.76,89.90
23/11/23 00:10:07,1028.69,10.78,89.90
23/11/23 00:10:08,1028.70,10.78,89.90
23/11/23 00:10:09,1028.65,10.80,89.90
23/11/23 00:10:10,1028.66,10.80,89.90
23/11/23 00:10:11,1028.70,10.81,89.80
23/11/23 00:10:13,1028.65,10.80,89.80
23/11/23 00:10:14,1028.60,10.81,89.80
23/11/23 00:10:15,1028.68,10.81,89.80
23/11/23 00:10:16,1028.69,10.83,89.70
23/11/23 00:10:17,1028.74,10.83,89.70
23/11/23 00:10:18,1028.71,10.83,89.70
23/11/23 00:10:19,1028.61,10.83,89.70
23/11/23 00:10:20,1028.64,10.83,89.70
23/11/23 00:10:22,1028.54,10.81,89.70
23/11/23 00:10:23,1028.65,10.81,89.59
23/11/23 00:10:24,1028.58,10.83,89.59
23/11/23 00:10:25,1028.64,10.83,89.59
23/11/23 00:10:26,1028.68,10.83,89.59
23/11/23 00:10:27,1028.59,10.83,89.59
23/11/23 00:10:28,1028.59,10.81,89.59
23/11/23 00:10:29,1028.73,10.83,89.59
23/11/23 00:10:31,1028.62,10.81,89.59
23/11/23 00:10:32,1028.70,10.81,89.50
23/11/23 00:10:33,1028.77,10.83,89.50
23/11/23 00:10:34,1028.79,10.81,89.50
23/11/23 00:10:35,1028.73,10.84,89.50
23/11/23 00:10:36,1028.67,10.83,89.50
23/11/23 00:10:37,1028.67,10.84,89.50
23/11/23 00:10:38,1028.66,10.84,89.50
23/11/23 00:10:40,1028.70,10.84,89.50
23/11/23 00:10:41,1028.58,10.83,89.50
23/11/23 00:10:42,1028.71,10.83,89.50
23/11/23 00:10:43,1028.55,10.83,89.50
23/11/23 00:10:44,1028.64,10.84,89.50
23/11/23 00:10:45,1028.61,10.86,89.39
23/11/23 00:10:46,1028.65,10.86,89.39
23/11/23 00:10:47,1028.73,10.84,89.39
23/11/23 00:10:49,1028.64,10.84,89.39
23/11/23 00:10:50,1028.64,10.84,89.39
23/11/23 00:10:51,1028.70,10.86,89.39
23/11/23 00:10:52,1028.65,10.87,89.39
23/11/23 00:10:53,1028.69,10.87,89.39
23/11/23 00:10:54,1028.68,10.86,89.29
23/11/23 00:10:55,1028.68,10.87,89.29
23/11/23 00:10:56,1028.66,10.86,89.29
23/11/23 00:10:58,1028.68,10.88,89.29
23/11/23 00:10:59,1028.68,10.87,89.29
23/11/23 00:11:00,1028.58,10.88,89.29
23/11/23 00:11:01,1028.72,10.88,89.29
23/11/23 00:11:02,1028.68,10.86,89.29
23/11/23 00:11:03,1028.73,10.86,89.29
23/11/23 00:11:04,1028.69,10.84,89.18
23/11/23 00:11:05,1028.54,10.83,89.18
23/11/23 00:11:07,1028.71,10.81,89.29
23/11/23 00:11:08,1028.62,10.83,89.29
23/11/23 00:11:09,1028.74,10.81,89.29
23/11/23 00:11:10,1028.67,10.81,89.29
23/11/23 00:11:11,1028.77,10.81,89.29
23/11/23 00:11:12,1028.62,10.78,89.29
23/11/23 00:11:13,1028.87,10.78,89.29
23/11/23 00:11:14,1028.68,10.78,89.39
23/11/23 00:11:16,1028.71,10.75,89.39
23/11/23 00:11:17,1028.70,10.73,89.39
23/11/23 00:11:18,1028.64,10.73,89.50
23/11/23 00:11:19,1028.67,10.73,89.50
23/11/23 00:11:20,1028.67,10.72,89.50
23/11/23 00:11:21,1028.61,10.72,89.50
23/11/23 00:11:22,1028.67,10.72,89.59
23/11/23 00:11:23,1028.72,10.72,89.59
23/11/23 00:11:25,1028.74,10.70,89.64
23/11/23 00:11:26,1028.71,10.70,89.74
23/11/23 00:11:27,1028.72,10.69,89.74
23/11/23 00:11:28,1028.76,10.69,89.74
23/11/23 00:11:29,1028.72,10.68,89.84
23/11/23 00:11:30,1028.71,10.68,89.84
23/11/23 00:11:31,1028.75,10.68,89.84
23/11/23 00:11:32,1028.80,10.68,89.94
23/11/23 00:11:33,1028.67,10.68,89.94
23/11/23 00:11:35,1028.61,10.68,89.94
23/11/23 00:11:36,1028.75,10.68,89.94
23/11/23 00:11:37,1028.71,10.68,89.94
23/11/23 00:11:38,1028.75,10.66,90.05
23/11/23 00:11:39,1028.69,10.68,90.05
23/11/23 00:11:40,1028.72,10.66,90.05
23/11/23 00:11:41,1028.75,10.66,90.05
23/11/23 00:11:42,1028.60,10.66,90.05
23/11/23 00:11:44,1028.64,10.65,90.15
23/11/23 00:11:45,1028.55,10.65,90.15
23/11/23 00:11:46,1028.60,10.65,90.15
23/11/23 00:11:47,1028.62,10.65,90.15
23/11/23 00:11:48,1028.69,10.65,90.15
23/11/23 00:11:49,1028.72,10.63,90.25
23/11/23 00:11:50,1028.71,10.63,90.25
23/11/23 00:11:51,1028.67,10.62,90.25
23/11/23 00:11:53,1028.61,10.63,90.25
23/11/23 00:11:54,1028.60,10.63,90.25
23/11/23 00:11:55,1028.68,10.66,90.25
23/11/23 00:11:56,1028.64,10.66,90.25
23/11/23 00:11:57,1028.78,10.66,90.36
23/11/23 00:11:58,1028.61,10.66,90.36
23/11/23 00:11:59,1028.67,10.69,90.36
23/11/23 00:12:00,1028.65,10.70,90.36
23/11/23 00:12:02,1028.64,10.70,90.36
23/11/23 00:12:03,1028.73,10.73,90.21
23/11/23 00:12:04,1028.73,10.73,90.21
23/11/23 00:12:05,1028.71,10.75,90.21
23/11/23 00:12:06,1028.66,10.75,90.21
23/11/23 00:12:07,1028.64,10.73,90.11
23/11/23 00:12:08,1028.74,10.75,90.11
23/11/23 00:12:09,1028.70,10.75,90.11
23/11/23 00:12:11,1028.70,10.75,90.11
23/11/23 00:12:12,1028.76,10.75,90.00
23/11/23 00:12:13,1028.71,10.73,90.00
23/11/23 00:12:14,1028.68,10.72,90.00
23/11/23 00:12:15,1028.68,10.73,90.00
23/11/23 00:12:16,1028.59,10.70,90.05
23/11/23 00:12:17,1028.63,10.70,90.05
23/11/23 00:12:18,1028.59,10.70,90.05
23/11/23 00:12:20,1028.70,10.70,90.05
23/11/23 00:12:21,1028.68,10.70,90.05
23/11/23 00:12:22,1028.80,10.70,90.05
23/11/23 00:12:23,1028.65,10.70,90.05
23/11/23 00:12:24,1028.73,10.70,90.05
23/11/23 00:12:25,1028.79,10.70,90.05
23/11/23 00:12:26,1028.75,10.70,90.05
23/11/23 00:12:27,1028.70,10.69,90.05
23/11/23 00:12:29,1028.65,10.72,90.00
23/11/23 00:12:30,1028.74,10.72,90.00
23/11/23 00:12:31,1028.67,10.73,90.00
23/11/23 00:12:32,1028.64,10.70,90.05
23/11/23 00:12:33,1028.64,10.73,90.00
23/11/23 00:12:34,1028.71,10.73,90.00
23/11/23 00:12:35,1028.62,10.75,90.00
23/11/23 00:12:36,1028.74,10.73,90.00
23/11/23 00:12:38,1028.75,10.73,90.00
23/11/23 00:12:39,1028.72,10.75,89.90
23/11/23 00:12:40,1028.62,10.75,89.90
23/11/23 00:12:41,1028.53,10.76,89.90
23/11/23 00:12:42,1028.57,10.75,89.90
23/11/23 00:12:43,1028.67,10.76,89.90
23/11/23 00:12:44,1028.66,10.78,89.90
23/11/23 00:12:45,1028.58,10.78,89.90
23/11/23 00:12:47,1028.64,10.78,89.90
23/11/23 00:12:48,1028.75,10.76,89.80
23/11/23 00:12:49,1028.72,10.80,89.80
23/11/23 00:12:50,1028.68,10.78,89.80
23/11/23 00:12:51,1028.64,10.78,89.80
23/11/23 00:12:52,1028.70,10.78,89.80
23/11/23 00:12:53,1028.69,10.80,89.80
23/11/23 00:12:54,1028.68,10.78,89.80
23/11/23 00:12:56,1028.67,10.76,89.70
23/11/23 00:12:57,1028.64,10.76,89.70
23/11/23 00:12:58,1028.73,10.76,89.70
23/11/23 00:12:59,1028.70,10.76,89.70
23/11/23 00:13:00,1028.69,10.76,89.70
23/11/23 00:13:01,1028.68,10.76,89.70
23/11/23 00:13:02,1028.57,10.76,89.70
23/11/23 00:13:03,1028.66,10.76,89.70
23/11/23 00:13:05,1028.68,10.76,89.70
23/11/23 00:13:06,1028.80,10.75,89.70
23/11/23 00:13:07,1028.71,10.75,89.70
23/11/23 00:13:08,1028.68,10.75,89.70
23/11/23 00:13:09,1028.70,10.76,89.70
23/11/23 00:13:10,1028.78,10.75,89.70
23/11/23 00:13:11,1028.65,10.75,89.70
23/11/23 00:13:12,1028.71,10.75,89.80
23/11/23 00:13:14,1028.78,10.75,89.70
23/11/23 00:13:15,1028.74,10.73,89.80
23/11/23 00:13:16,1028.68,10.73,89.80
23/11/23 00:13:17,1028.71,10.72,89.80
23/11/23 00:13:18,1028.81,10.73,89.80
23/11/23 00:13:19,1028.74,10.72,89.80
23/11/23 00:13:20,1028.72,10.73,89.80
23/11/23 00:13:21,1028.65,10.72,89.80
23/11/23 00:13:23,1028.63,10.70,89.84
23/11/23 00:13:24,1028.73,10.70,89.94
23/11/23 00:13:25,1028.72,10.70,89.94
23/11/23 00:13:26,1028.64,10.70,89.94
23/11/23 00:13:27,1028.76,10.70,89.94
23/11/23 00:13:28,1028.67,10.70,89.94
23/11/23 00:13:29,1028.66,10.70,89.94
23/11/23 00:13:30,1028.71,10.69,89.94
23/11/23 00:13:32,1028.69,10.70,89.94
23/11/23 00:13:33,1028.60,10.70,89.94
23/11/23 00:13:34,1028.69,10.69,90.05
23/11/23 00:13:35,1028.69,10.70,90.05
23/11/23 00:13:36,1028.64,10.73,90.00
23/11/23 00:13:37,1028.71,10.83,90.00
23/11/23 00:13:38,1028.70,10.90,90.00
23/11/23 00:13:39,1028.61,11.05,89.97
23/11/23 00:13:40,1028.54,11.12,89.97
23/11/23 00:13:42,1028.62,11.24,89.82
23/11/23 00:13:43,1028.55,11.35,89.72
23/11/23 00:13:44,1028.58,11.51,89.58
23/11/23 00:13:45,1028.50,11.66,89.32
23/11/23 00:13:46,1028.65,11.77,89.12
23/11/23 00:13:47,1028.58,11.85,88.78
23/11/23 00:13:48,1028.49,11.98,88.47
23/11/23 00:13:49,1028.56,12.08,88.12
23/11/23 00:13:51,1028.52,12.22,87.82
