01/01/00 00:00:02,1028.85,125.00,100.00
01/01/00 00:00:03,1028.86,125.00,100.00
01/01/00 00:00:04,1028.80,125.00,100.00
01/01/00 00:00:05,1028.69,125.00,100.00
01/01/00 00:00:06,1028.75,125.00,100.00
01/01/00 00:00:07,1028.78,125.00,100.00
01/01/00 00:00:08,1028.77,125.00,100.00
01/01/00 00:00:10,1028.76,125.00,100.00
01/01/00 00:00:11,1028.87,125.00,100.00
01/01/00 00:00:12,1028.77,125.00,100.00
22/11/23 23:53:19,1028.83,125.00,100.00
22/11/23 23:53:20,1028.76,125.00,100.00
22/11/23 23:53:21,1028.86,125.00,100.00
22/11/23 23:53:22,1028.88,125.00,100.00
22/11/23 23:53:23,1028.77,125.00,100.00
22/11/23 23:53:24,1028.80,125.00,100.00
22/11/23 23:53:25,1028.82,125.00,100.00
22/11/23 23:53:26,1028.83,125.00,100.00
22/11/23 23:53:28,1028.85,125.00,100.00
22/11/23 23:53:29,1028.74,125.00,100.00
22/11/23 23:53:30,1028.69,125.00,100.00
22/11/23 23:53:31,1028.75,125.00,100.00
22/11/23 23:53:32,1028.80,125.00,100.00
22/11/23 23:53:33,1028.82,125.00,100.00
22/11/23 23:53:34,1028.74,125.00,100.00
22/11/23 23:53:35,1028.81,125.00,100.00
22/11/23 23:53:37,1028.81,125.00,100.00
22/11/23 23:53:38,1028.83,125.00,100.00
22/11/23 23:53:39,1028.82,125.00,100.00
22/11/23 23:53:40,1028.71,125.00,100.00
22/11/23 23:53:41,1028.70,125.00,100.00
22/11/23 23:53:42,1028.66,125.00,100.00
22/11/23 23:53:43,1028.72,125.00,100.00
22/11/23 23:53:44,1028.75,125.00,100.00
22/11/23 23:53:46,1028.75,125.00,100.00
22/11/23 23:53:47,1028.77,125.00,100.00
22/11/23 23:53:48,1028.70,125.00,100.00
22/11/23 23:53:49,1028.70,125.00,100.00
22/11/23 23:53:50,1028.71,125.00,100.00
22/11/23 23:53:51,1028.77,125.00,100.00
22/11/23 23:53:52,1028.78,125.00,100.00
22/11/23 23:53:53,1028.71,125.00,100.00
22/11/23 23:53:55,1028.73,125.00,100.00
22/11/23 23:53:56,1028.79,125.00,100.00
22/11/23 23:53:57,1028.77,125.00,100.00
22/11/23 23:53:58,1028.69,125.00,100.00
22/11/23 23:53:59,1028.74,125.00,100.00
22/11/23 23:54:00,1028.73,125.00,100.00
22/11/23 23:54:01,1028.70,125.00,100.00
22/11/23 23:54:02,1028.80,125.00,100.00
22/11/23 23:54:03,1028.72,125.00,100.00
22/11/23 23:54:05,1028.79,125.00,100.00
22/11/23 23:54:06,1028.77,125.00,100.00
22/11/23 23:54:07,1028.65,125.00,100.00
22/11/23 23:54:08,1028.65,125.00,100.00
22/11/23 23:54:09,1028.70,125.00,100.00
22/11/23 23:54:10,1028.73,125.00,100.00
22/11/23 23:54:11,1028.67,125.00,100.00
22/11/23 23:54:12,1028.81,125.00,100.00
22/11/23 23:54:14,1028.68,125.00,100.00
22/11/23 23:54:15,1028.77,125.00,100.00
22/11/23 23:54:16,1028.62,125.00,100.00
22/11/23 23:54:17,1028.67,125.00,100.00
22/11/23 23:54:18,1028.76,125.00,100.00
22/11/23 23:54:19,1028.72,125.00,100.00
22/11/23 23:54:20,1028.63,125.00,100.00
22/11/23 23:54:21,1028.83,125.00,100.00
22/11/23 23:54:22,1028.72,125.00,100.00
22/11/23 23:54:24,1028.64,125.00,100.00
22/11/23 23:54:25,1028.67,125.00,100.00
22/11/23 23:54:26,1028.68,125.00,100.00
22/11/23 23:54:27,1028.83,125.00,100.00
22/11/23 23:54:28,1028.67,125.00,100.00
22/11/23 23:54:29,1028.66,125.00,100.00
22/11/23 23:54:30,1028.69,125.00,100.00
22/11/23 23:54:31,1028.63,125.00,100.00
22/11/23 23:54:33,1028.66,125.00,100.00
22/11/23 23:54:34,1028.69,125.00,100.00
22/11/23 23:54:35,1028.68,125.00,100.00
22/11/23 23:54:36,1028.72,125.00,100.00
22/11/23 23:54:37,1028.69,125.00,100.00
22/11/23 23:54:38,1028.71,125.00,100.00
22/11/23 23:54:39,1028.73,125.00,100.00
22/11/23 23:54:40,1028.68,125.00,100.00
22/11/23 23:54:41,1028.71,125.00,100.00
22/11/23 23:54:43,1028.69,125.00,100.00
22/11/23 23:54:44,1028.78,125.00,100.00
22/11/23 23:54:45,1028.69,125.00,100.00
22/11/23 23:54:46,1028.71,125.00,100.00
22/11/23 23:54:47,1028.75,125.00,100.00
22/11/23 23:54:48,1028.73,125.00,100.00
22/11/23 23:54:49,1028.68,125.00,100.00
22/11/23 23:54:50,1028.69,125.00,100.00
22/11/23 23:54:52,1028.71,125.00,100.00
22/11/23 23:54:53,1028.68,125.00,100.00
22/11/23 23:54:54,1028.71,125.00,100.00
22/11/23 23:54:55,1028.66,125.00,100.00
22/11/23 23:54:56,1028.67,125.00,100.00
22/11/23 23:54:57,1028.70,125.00,100.00
22/11/23 23:54:58,1028.79,125.00,100.00
22/11/23 23:54:59,1028.56,125.00,100.00
22/11/23 23:55:01,1028.59,125.00,100.00
22/11/23 23:55:02,1028.64,125.00,100.00
22/11/23 23:55:03,1028.71,125.00,100.00
22/11/23 23:55:04,1028.57,125.00,100.00
22/11/23 23:55:05,1028.68,125.00,100.00
22/11/23 23:55:06,1028.69,125.00,100.00
22/11/23 23:55:07,1028.77,125.00,100.00
22/11/23 23:55:08,1028.63,125.00,100.00
22/11/23 23:55:09,1028.72,125.00,100.00
22/11/23 23:55:11,1028.67,125.00,100.00
22/11/23 23:55:12,1028.71,125.00,100.00
22/11/23 23:55:13,1028.67,125.00,100.00
22/11/23 23:55:14,1028.65,125.00,100.00
22/11/23 23:55:15,1028.63,125.00,100.00
22/11/23 23:55:16,1028.62,125.00,100.00
22/11/23 23:55:17,1028.72,125.00,100.00
22/11/23 23:55:18,1028.61,125.00,100.00
22/11/23 23:55:19,1028.71,125.00,100.00
22/11/23 23:55:21,1028.63,125.00,100.00
22/11/23 23:55:22,1028.69,125.00,100.00
22/11/23 23:55:23,1028.61,125.00,100.00
22/11/23 23:55:24,1028.64,125.00,100.00
22/11/23 23:55:25,1028.63,125.00,100.00
22/11/23 23:55:26,1028.60,125.00,100.00
22/11/23 23:55:27,1028.59,125.00,100.00
22/11/23 23:55:28,1028.64,125.00,100.00
22/11/23 23:55:30,1028.57,125.00,100.00
22/11/23 23:55:31,1028.64,125.00,100.00
22/11/23 23:55:32,1028.62,125.00,100.00
22/11/23 23:55:33,1028.64,125.00,100.00
22/11/23 23:55:34,1028.66,125.00,100.00
22/11/23 23:55:35,1028.57,125.00,100.00
22/11/23 23:55:36,1028.53,125.00,100.00
22/11/23 23:55:37,1028.72,125.00,100.00
22/11/23 23:55:39,1028.56,125.00,100.00
22/11/23 23:55:40,1028.58,125.00,100.00
22/11/23 23:55:41,1028.59,125.00,100.00
22/11/23 23:55:42,1028.63,125.00,100.00
22/11/23 23:55:43,1028.67,125.00,100.00
22/11/23 23:55:44,1028.67,125.00,100.00
22/11/23 23:55:45,1028.61,125.00,100.00
22/11/23 23:55:46,1028.63,125.00,100.00
22/11/23 23:55:47,1028.63,125.00,100.00
22/11/23 23:55:49,1028.68,125.00,100.00
22/11/23 23:55:50,1028.53,125.00,100.00
22/11/23 23:55:51,1028.63,125.00,100.00
22/11/23 23:55:52,1028.59,125.00,100.00
22/11/23 23:55:53,1028.61,125.00,100.00
22/11/23 23:55:54,1028.63,125.00,100.00
22/11/23 23:55:55,1028.62,125.00,100.00
22/11/23 23:55:56,1028.52,125.00,100.00
22/11/23 23:55:58,1028.59,125.00,100.00
22/11/23 23:55:59,1028.59,125.00,100.00
22/11/23 23:56:00,1028.69,125.00,100.00
22/11/23 23:56:01,1028.59,125.00,100.00
22/11/23 23:56:02,1028.72,125.00,100.00
22/11/23 23:56:03,1028.66,125.00,100.00
22/11/23 23:56:04,1028.65,125.00,100.00
22/11/23 23:56:05,1028.61,125.00,100.00
22/11/23 23:56:06,1028.63,125.00,100.00
22/11/23 23:56:08,1028.67,125.00,100.00
22/11/23 23:56:09,1028.61,125.00,100.00
22/11/23 23:56:10,1028.55,125.00,100.00
22/11/23 23:56:11,1028.57,125.00,100.00
22/11/23 23:56:12,1028.60,125.00,100.00
22/11/23 23:56:13,1028.58,125.00,100.00
22/11/23 23:56:14,1028.61,125.00,100.00
22/11/23 23:56:15,1028.51,125.00,100.00
22/11/23 23:56:17,1028.68,125.00,100.00
22/11/23 23:56:18,1028.61,125.00,100.00
22/11/23 23:56:19,1028.48,125.00,100.00
22/11/23 23:56:20,1028.67,125.00,100.00
22/11/23 23:56:21,1028.58,125.00,100.00
22/11/23 23:56:22,1028.58,125.00,100.00
22/11/23 23:56:23,1028.61,125.00,100.00
22/11/23 23:56:24,1028.58,125.00,100.00
22/11/23 23:56:25,1028.57,125.00,100.00
22/11/23 23:56:27,1028.55,125.00,100.00
22/11/23 23:56:28,1028.54,125.00,100.00
22/11/23 23:56:29,1028.59,125.00,100.00
22/11/23 23:56:30,1028.67,125.00,100.00
22/11/23 23:56:31,1028.54,125.00,100.00
22/11/23 23:56:32,1028.65,125.00,100.00
22/11/23 23:56:33,1028.54,125.00,100.00
22/11/23 23:56:34,1028.63,125.00,100.00
22/11/23 23:56:36,1028.67,125.00,100.00
22/11/23 23:56:37,1028.64,125.00,100.00
22/11/23 23:56:38,1028.58,125.00,100.00
22/11/23 23:56:39,1028.65,125.00,100.00
22/11/23 23:56:40,1028.58,125.00,100.00
22/11/23 23:56:41,1028.68,125.00,100.00
22/11/23 23:56:42,1028.63,125.00,100.00
22/11/23 23:56:43,1028.61,125.00,100.00
22/11/23 23:56:44,1028.63,125.00,100.00
22/11/23 23:56:46,1028.62,125.00,100.00
22/11/23 23:56:47,1028.61,125.00,100.00
22/11/23 23:56:48,1028.59,125.00,100.00
22/11/23 23:56:49,1028.57,125.00,100.00
22/11/23 23:56:50,1028.56,125.00,100.00
22/11/23 23:56:51,1028.62,125.00,100.00
22/11/23 23:56:52,1028.65,125.00,100.00
22/11/23 23:56:53,1028.60,125.00,100.00
22/11/23 23:56:55,1028.55,125.00,100.00
22/11/23 23:56:56,1028.73,125.00,100.00
22/11/23 23:56:57,1028.62,125.00,100.00
22/11/23 23:56:58,1028.54,125.00,100.00
22/11/23 23:56:59,1028.57,125.00,100.00
22/11/23 23:57:00,1028.65,125.00,100.00
22/11/23 23:57:01,1028.54,125.00,100.00
22/11/23 23:57:02,1028.71,125.00,100.00
22/11/23 23:57:03,1028.71,125.00,100.00
22/11/23 23:57:05,1028.56,125.00,100.00
22/11/23 23:57:06,1028.63,125.00,100.00
22/11/23 23:57:07,1028.65,125.00,100.00
22/11/23 23:57:08,1028.59,125.00,100.00
22/11/23 23:57:09,1028.61,125.00,100.00
22/11/23 23:57:10,1028.46,125.00,100.00
22/11/23 23:57:11,1028.63,125.00,100.00
22/11/23 23:57:12,1028.55,125.00,100.00
22/11/23 23:57:14,1028.64,125.00,100.00
22/11/23 23:57:15,1028.55,125.00,100.00
22/11/23 23:57:16,1028.61,125.00,100.00
22/11/23 23:57:17,1028.58,125.00,100.00
22/11/23 23:57:18,1028.58,125.00,100.00
22/11/23 23:57:19,1028.50,125.00,100.00
22/11/23 23:57:20,1028.56,125.00,100.00
22/11/23 23:57:21,1028.62,125.00,100.00
22/11/23 23:57:22,1028.58,125.00,100.00
22/11/23 23:57:24,1028.55,125.00,100.00
22/11/23 23:57:25,1028.50,125.00,100.00
22/11/23 23:57:26,1028.58,125.00,100.00
22/11/23 23:57:27,1028.55,125.00,100.00
22/11/23 23:57:28,1028.57,125.00,100.00
22/11/23 23:57:29,1028.69,125.00,100.00
22/11/23 23:57:30,1028.43,125.00,100.00
22/11/23 23:57:31,1028.60,125.00,100.00
22/11/23 23:57:33,1028.65,125.00,100.00
22/11/23 23:57:34,1028.65,125.00,100.00
22/11/23 23:57:35,1028.61,125.00,100.00
22/11/23 23:57:36,1028.53,125.00,100.00
22/11/23 23:57:37,1028.54,125.00,100.00
22/11/23 23:57:38,1028.48,125.00,100.00
22/11/23 23:57:39,1028.59,125.00,100.00
22/11/23 23:57:40,1028.61,125.00,100.00
22/11/23 23:57:41,1028.56,125.00,100.00
22/11/23 23:57:43,1028.62,125.00,100.00
22/11/23 23:57:44,1028.57,125.00,100.00
22/11/23 23:57:45,1028.56,125.00,100.00
22/11/23 23:57:46,1028.53,125.00,100.00
22/11/23 23:57:47,1028.59,125.00,100.00
22/11/23 23:57:48,1028.67,125.00,100.00
22/11/23 23:57:49,1028.69,125.00,100.00
22/11/23 23:57:50,1028.60,125.00,100.00
22/11/23 23:57:52,1028.52,125.00,100.00
22/11/23 23:57:53,1028.53,125.00,100.00
22/11/23 23:57:54,1028.56,125.00,100.00
22/11/23 23:57:55,1028.61,125.00,100.00
22/11/23 23:57:56,1028.59,125.00,100.00
22/11/23 23:57:57,1028.63,125.00,100.00
22/11/23 23:57:58,1028.66,125.00,100.00
22/11/23 23:57:59,1028.58,125.00,100.00
22/11/23 23:58:00,1028.55,125.00,100.00
22/11/23 23:58:02,1028.62,125.00,100.00
22/11/23 23:58:03,1028.48,125.00,100.00
22/11/23 23:58:04,1028.56,125.00,100.00
22/11/23 23:58:05,1028.57,125.00,100.00
22/11/23 23:58:06,1028.59,125.00,100.00
22/11/23 23:58:07,1028.60,125.00,100.00
22/11/23 23:58:08,1028.54,125.00,100.00
22/11/23 23:58:09,1028.54,125.00,100.00
22/11/23 23:58:11,1028.54,125.00,100.00
22/11/23 23:58:12,1028.52,125.00,100.00
22/11/23 23:58:13,1028.49,125.00,100.00
22/11/23 23:58:14,1028.56,125.00,100.00
22/11/23 23:58:15,1028.58,125.00,100.00
22/11/23 23:58:16,1028.61,125.00,100.00
22/11/23 23:58:17,1028.52,125.00,100.00
22/11/23 23:58:18,1028.63,125.00,100.00
22/11/23 23:58:19,1028.51,125.00,100.00
22/11/23 23:58:21,1028.58,125.00,100.00
22/11/23 23:58:22,1028.51,125.00,100.00
22/11/23 23:58:23,1028.61,125.00,100.00
22/11/23 23:58:24,1028.57,125.00,100.00
22/11/23 23:58:25,1028.59,125.00,100.00
22/11/23 23:58:26,1028.54,125.00,100.00
22/11/23 23:58:27,1028.62,125.00,100.00
22/11/23 23:58:28,1028.59,125.00,100.00
22/11/23 23:58:30,1028.60,125.00,100.00
22/11/23 23:58:31,1028.58,125.00,100.00
22/11/23 23:58:32,1028.61,125.00,100.00
22/11/23 23:58:33,1028.46,125.00,100.00
22/11/23 23:58:34,1028.58,125.00,100.00
22/11/23 23:58:35,1028.53,125.00,100.00
22/11/23 23:58:36,1028.60,125.00,100.00
22/11/23 23:58:37,1028.71,125.00,100.00
22/11/23 23:58:39,1028.54,125.00,100.00
22/11/23 23:58:40,1028.50,125.00,100.00
22/11/23 23:58:41,1028.51,125.00,100.00
22/11/23 23:58:42,1028.59,125.00,100.00
22/11/23 23:58:43,1028.49,125.00,100.00
22/11/23 23:58:44,1028.54,125.00,100.00
22/11/23 23:58:45,1028.56,125.00,100.00
22/11/23 23:58:46,1028.46,125.00,100.00
22/11/23 23:58:47,1028.56,125.00,100.00
22/11/23 23:58:49,1028.50,125.00,100.00
22/11/23 23:58:50,1028.49,125.00,100.00
22/11/23 23:58:51,1028.60,125.00,100.00
22/11/23 23:58:52,1028.47,125.00,100.00
22/11/23 23:58:53,1028.55,125.00,100.00
22/11/23 23:58:54,1028.58,125.00,100.00
22/11/23 23:58:55,1028.62,125.00,100.00
22/11/23 23:58:56,1028.51,125.00,100.00
22/11/23 23:58:58,1028.54,125.00,100.00
22/11/23 23:58:59,1028.51,125.00,100.00
22/11/23 23:59:00,1028.54,125.00,100.00
22/11/23 23:59:01,1028.53,125.00,100.00
22/11/23 23:59:02,1028.58,125.00,100.00
22/11/23 23:59:03,1028.52,125.00,100.00
22/11/23 23:59:04,1028.58,125.00,100.00
22/11/23 23:59:05,1028.59,125.00,100.00
22/11/23 23:59:06,1028.54,125.00,100.00
22/11/23 23:59:08,1028.56,125.00,100.00
22/11/23 23:59:09,1028.57,125.00,100.00
22/11/23 23:59:10,1028.51,125.00,100.00
22/11/23 23:59:11,1028.52,125.00,100.00
22/11/23 23:59:12,1028.53,125.00,100.00
22/11/23 23:59:13,1028.56,125.00,100.00
22/11/23 23:59:14,1028.53,125.00,100.00
22/11/23 23:59:15,1028.52,125.00,100.00
22/11/23 23:59:17,1028.55,125.00,100.00
22/11/23 23:59:18,1028.58,125.00,100.00
22/11/23 23:59:19,1028.64,125.00,100.00
22/11/23 23:59:20,1028.56,125.00,100.00
22/11/23 23:59:21,1028.51,125.00,100.00
22/11/23 23:59:22,1028.55,125.00,100.00
22/11/23 23:59:23,1028.57,125.00,100.00
22/11/23 23:59:24,1028.51,125.00,100.00
22/11/23 23:59:25,1028.60,125.00,100.00
22/11/23 23:59:27,1028.50,125.00,100.00
22/11/23 23:59:28,1028.58,125.00,100.00
22/11/23 23:59:29,1028.60,125.00,100.00
22/11/23 23:59:30,1028.58,125.00,100.00
22/11/23 23:59:31,1028.50,125.00,100.00
22/11/23 23:59:32,1028.52,125.00,100.00
22/11/23 23:59:33,1028.53,125.00,100.00
22/11/23 23:59:34,1028.49,125.00,100.00
22/11/23 23:59:36,1028.59,125.00,100.00
22/11/23 23:59:37,1028.51,125.00,100.00
22/11/23 23:59:38,1028.53,125.00,100.00
22/11/23 23:59:39,1028.46,125.00,100.00
22/11/23 23:59:40,1028.53,125.00,100.00
22/11/23 23:59:41,1028.54,125.00,100.00
22/11/23 23:59:42,1028.50,125.00,100.00
22/11/23 23:59:43,1028.48,125.00,100.00
22/11/23 23:59:44,1028.44,125.00,100.00
22/11/23 23:59:46,1028.57,125.00,100.00
22/11/23 23:59:47,1028.50,125.00,100.00
22/11/23 23:59:48,1028.54,125.00,100.00
22/11/23 23:59:49,1028.46,125.00,100.00
22/11/23 23:59:50,1028.47,125.00,100.00
22/11/23 23:59:51,1028.56,125.00,100.00
22/11/23 23:59:52,1028.58,125.00,100.00
22/11/23 23:59:53,1028.55,125.00,100.00
22/11/23 23:59:55,1028.48,125.00,100.00
22/11/23 23:59:56,1028.48,125.00,100.00
22/11/23 23:59:57,1028.50,125.00,100.00
22/11/23 23:59:58,1028.57,125.00,100.00
22/11/23 23:59:59,1028.42,125.00,100.00
23/11/23 00:00:00,1028.64,125.00,100.00
23/11/23 00:00:01,1028.60,125.00,100.00
23/11/23 00:00:02,1028.53,125.00,100.00
23/11/23 00:00:03,1028.62,125.00,100.00
23/11/23 00:00:05,1028.49,125.00,100.00
23/11/23 00:00:06,1028.48,125.00,100.00
23/11/23 00:00:07,1028.53,125.00,100.00
23/11/23 00:00:08,1028.55,125.00,100.00
23/11/23 00:00:09,1028.51,125.00,100.00
23/11/23 00:00:10,1028.50,125.00,100.00
23/11/23 00:00:11,1028.83,125.00,100.00
23/11/23 00:00:12,1028.54,125.00,100.00
23/11/23 00:00:14,1028.51,125.00,100.00
23/11/23 00:00:15,1028.52,125.00,100.00
23/11/23 00:00:16,1028.53,125.00,100.00
23/11/23 00:00:17,1028.19,125.00,100.00
23/11/23 00:00:18,1028.55,125.00,100.00
23/11/23 00:00:19,1028.78,125.00,100.00
23/11/23 00:00:20,1028.61,125.00,100.00
23/11/23 00:00:21,1028.52,125.00,100.00
23/11/23 00:00:22,1028.52,125.00,100.00
23/11/23 00:00:24,1028.60,125.00,100.00
23/11/23 00:00:25,1028.60,125.00,100.00
23/11/23 00:00:26,1028.49,125.00,100.00
23/11/23 00:00:27,1028.52,125.00,100.00
23/11/23 00:00:28,1028.59,125.00,100.00
23/11/23 00:00:29,1028.58,125.00,100.00
23/11/23 00:00:30,1028.52,125.00,100.00
23/11/23 00:00:31,1028.59,125.00,100.00
23/11/23 00:00:33,1028.51,125.00,100.00
23/11/23 00:00:34,1028.47,125.00,100.00
23/11/23 00:00:35,1028.42,125.00,100.00
23/11/23 00:00:36,1028.48,125.00,100.00
23/11/23 00:00:37,1028.47,125.00,100.00
23/11/23 00:00:38,1028.55,125.00,100.00
23/11/23 00:00:39,1028.57,125.00,100.00
23/11/23 00:00:40,1028.60,125.00,100.00
23/11/23 00:00:41,1028.59,125.00,100.00
23/11/23 00:00:43,1028.52,125.00,100.00
23/11/23 00:00:44,1028.55,125.00,100.00
23/11/23 00:00:45,1028.47,125.00,100.00
23/11/23 00:00:46,1028.66,125.00,100.00
23/11/23 00:00:47,1028.56,125.00,100.00
23/11/23 00:00:48,1028.59,125.00,100.00
23/11/23 00:00:49,1028.52,125.00,100.00
23/11/23 00:00:50,1028.53,125.00,100.00
23/11/23 00:00:52,1028.54,125.00,100.00
23/11/23 00:00:53,1028.54,125.00,100.00
23/11/23 00:00:54,1028.62,125.00,100.00
23/11/23 00:00:55,1028.58,125.00,100.00
23/11/23 00:00:56,1028.52,125.00,100.00
23/11/23 00:00:57,1028.58,125.00,100.00
23/11/23 00:00:58,1028.50,125.00,100.00
23/11/23 00:00:59,1028.53,125.00,100.00
23/11/23 00:01:00,1028.54,125.00,100.00
23/11/23 00:01:02,1028.59,125.00,100.00
23/11/23 00:01:03,1028.58,125.00,100.00
23/11/23 00:01:04,1028.64,125.00,100.00
23/11/23 00:01:05,1028.56,125.00,100.00
23/11/23 00:01:06,1028.53,125.00,100.00
23/11/23 00:01:07,1028.50,125.00,100.00
23/11/23 00:01:08,1028.46,125.00,100.00
23/11/23 00:01:09,1028.56,125.00,100.00
23/11/23 00:01:11,1028.47,125.00,100.00
23/11/23 00:01:12,1028.45,125.00,100.00
23/11/23 00:01:13,1028.62,125.00,100.00
23/11/23 00:01:14,1028.52,125.00,100.00
23/11/23 00:01:15,1028.53,125.00,100.00
23/11/23 00:01:16,1028.59,125.00,100.00
23/11/23 00:01:17,1028.54,125.00,100.00
23/11/23 00:01:18,1028.62,125.00,100.00
23/11/23 00:01:19,1028.39,125.00,100.00
23/11/23 00:01:21,1028.63,125.00,100.00
23/11/23 00:01:22,1028.51,125.00,100.00
23/11/23 00:01:23,1028.46,125.00,100.00
23/11/23 00:01:24,1028.55,125.00,100.00
23/11/23 00:01:25,1028.54,125.00,100.00
23/11/23 00:01:26,1028.60,125.00,100.00
23/11/23 00:01:27,1028.48,125.00,100.00
23/11/23 00:01:28,1028.61,125.00,100.00
23/11/23 00:01:30,1028.60,125.00,100.00
23/11/23 00:01:31,1028.52,125.00,100.00
23/11/23 00:01:32,1028.47,125.00,100.00
23/11/23 00:01:33,1028.54,125.00,100.00
23/11/23 00:01:34,1028.56,125.00,100.00
23/11/23 00:01:35,1028.56,125.00,100.00
23/11/23 00:01:36,1028.57,125.00,100.00
23/11/23 00:01:37,1028.50,125.00,100.00
23/11/23 00:01:38,1028.51,125.00,100.00
23/11/23 00:01:40,1028.53,125.00,100.00
23/11/23 00:01:41,1028.49,125.00,100.00
23/11/23 00:01:42,1028.52,125.00,100.00
23/11/23 00:01:43,1028.53,125.00,100.00
23/11/23 00:01:44,1028.53,125.00,100.00
23/11/23 00:01:45,1028.58,125.00,100.00
23/11/23 00:01:46,1028.58,125.00,100.00
23/11/23 00:01:47,1028.57,125.00,100.00
23/11/23 00:01:49,1028.57,125.00,100.00
23/11/23 00:01:50,1028.49,125.00,100.00
23/11/23 00:01:51,1028.55,125.00,100.00
23/11/23 00:01:52,1028.54,125.00,100.00
23/11/23 00:01:53,1028.59,125.00,100.00
23/11/23 00:01:54,1028.52,125.00,100.00
23/11/23 00:01:55,1028.58,125.00,100.00
23/11/23 00:01:56,1028.61,125.00,100.00
23/11/23 00:01:57,1028.55,125.00,100.00
23/11/23 00:01:59,1028.54,125.00,100.00
23/11/23 00:02:00,1028.57,125.00,100.00
23/11/23 00:02:01,1028.64,125.00,100.00
23/11/23 00:02:02,1028.60,125.00,100.00
23/11/23 00:02:03,1028.58,125.00,100.00
23/11/23 00:02:04,1028.60,125.00,100.00
23/11/23 00:02:05,1028.65,125.00,100.00
23/11/23 00:02:06,1028.57,125.00,100.00
23/11/23 00:02:08,1028.59,125.00,100.00
23/11/23 00:02:09,1028.64,125.00,100.00
23/11/23 00:02:10,1028.62,125.00,100.00
23/11/23 00:02:11,1028.64,125.00,100.00
23/11/23 00:02:12,1028.56,125.00,100.00
23/11/23 00:02:13,1028.52,125.00,100.00
23/11/23 00:02:14,1028.58,125.00,100.00
23/11/23 00:02:15,1028.62,125.00,100.00
23/11/23 00:02:16,1028.46,125.00,100.00
23/11/23 00:02:18,1028.66,125.00,100.00
23/11/23 00:02:19,1028.54,125.00,100.00
23/11/23 00:02:20,1028.51,125.00,100.00
23/11/23 00:02:21,1028.53,125.00,100.00
23/11/23 00:02:22,1028.53,125.00,100.00
23/11/23 00:02:23,1028.63,125.00,100.00
23/11/23 00:02:24,1028.60,125.00,100.00
23/11/23 00:02:25,1028.61,125.00,100.00
23/11/23 00:02:27,1028.57,125.00,100.00
23/11/23 00:02:28,1028.57,125.00,100.00
23/11/23 00:02:29,1028.53,125.00,100.00
23/11/23 00:02:30,1028.44,125.00,100.00
23/11/23 00:02:31,1028.55,125.00,100.00
23/11/23 00:02:32,1028.47,125.00,100.00
23/11/23 00:02:33,1028.58,125.00,100.00
23/11/23 00:02:34,1028.44,125.00,100.00
23/11/23 00:02:35,1028.62,125.00,100.00
23/11/23 00:02:37,1028.58,125.00,100.00
23/11/23 00:02:38,1028.50,125.00,100.00
23/11/23 00:02:39,1028.62,125.00,100.00
23/11/23 00:02:40,1028.60,125.00,100.00
23/11/23 00:02:41,1028.60,125.00,100.00
23/11/23 00:02:42,1028.67,125.00,100.00
23/11/23 00:02:43,1028.44,125.00,100.00
23/11/23 00:02:44,1028.55,125.00,100.00
23/11/23 00:02:46,1028.57,125.00,100.00
23/11/23 00:02:47,1028.64,125.00,100.00
23/11/23 00:02:48,1028.58,125.00,100.00
23/11/23 00:02:49,1028.55,125.00,100.00
23/11/23 00:02:50,1028.47,125.00,100.00
23/11/23 00:02:51,1028.63,125.00,100.00
23/11/23 00:02:52,1028.54,125.00,100.00
23/11/23 00:02:53,1028.58,125.00,100.00
23/11/23 00:02:54,1028.59,125.00,100.00
23/11/23 00:02:56,1028.61,125.00,100.00
23/11/23 00:02:57,1028.60,125.00,100.00
23/11/23 00:02:58,1028.55,125.00,100.00
23/11/23 00:02:59,1028.59,125.00,100.00
23/11/23 00:03:00,1028.57,125.00,100.00
23/11/23 00:03:01,1028.62,125.00,100.00
23/11/23 00:03:02,1028.60,125.00,100.00
23/11/23 00:03:03,1028.51,125.00,100.00
23/11/23 00:03:05,1028.51,125.00,100.00
23/11/23 00:03:06,1028.48,125.00,100.00
23/11/23 00:03:07,1028.46,125.00,100.00
23/11/23 00:03:08,1028.69,125.00,100.00
23/11/23 00:03:09,1028.56,125.00,100.00
23/11/23 00:03:10,1028.51,125.00,100.00
23/11/23 00:03:11,1028.59,125.00,100.00
23/11/23 00:03:12,1028.65,125.00,100.00
23/11/23 00:03:13,1028.58,125.00,100.00
23/11/23 00:03:15,1028.52,125.00,100.00
23/11/23 00:03:16,1028.59,125.00,100.00
23/11/23 00:03:17,1028.58,125.00,100.00
23/11/23 00:03:18,1028.58,125.00,100.00
23/11/23 00:03:19,1028.55,125.00,100.00
23/11/23 00:03:20,1028.55,125.00,100.00
23/11/23 00:03:21,1028.53,125.00,100.00
23/11/23 00:03:22,1028.52,125.00,100.00
23/11/23 00:03:24,1028.59,125.00,100.00
23/11/23 00:03:25,1028.59,125.00,100.00
23/11/23 00:03:26,1028.57,125.00,100.00
23/11/23 00:03:27,1028.46,125.00,100.00
23/11/23 00:03:28,1028.53,125.00,100.00
23/11/23 00:03:29,1028.58,125.00,100.00
23/11/23 00:03:30,1028.50,125.00,100.00
23/11/23 00:03:31,1028.55,125.00,100.00
23/11/23 00:03:32,1028.54,125.00,100.00
23/11/23 00:03:34,1028.61,125.00,100.00
23/11/23 00:03:35,1028.43,125.00,100.00
23/11/23 00:03:36,1028.48,125.00,100.00
23/11/23 00:03:37,1028.51,125.00,100.00
23/11/23 00:03:38,1028.47,125.00,100.00
23/11/23 00:03:39,1028.54,125.00,100.00
23/11/23 00:03:40,1028.55,125.00,100.00
23/11/23 00:03:41,1028.52,125.00,100.00
23/11/23 00:03:43,1028.53,125.00,100.00
23/11/23 00:03:44,1028.59,125.00,100.00
23/11/23 00:03:45,1028.58,125.00,100.00
23/11/23 00:03:46,1028.55,125.00,100.00
23/11/23 00:03:47,1028.55,125.00,100.00
23/11/23 00:03:48,1028.52,125.00,100.00
23/11/23 00:03:49,1028.53,125.00,100.00
23/11/23 00:03:50,1028.56,125.00,100.00
23/11/23 00:03:51,1028.47,125.00,100.00
23/11/23 00:03:53,1028.52,125.00,100.00
23/11/23 00:03:54,1028.54,125.00,100.00
23/11/23 00:03:55,1028.49,125.00,100.00
23/11/23 00:03:56,1028.63,125.00,100.00
23/11/23 00:03:57,1028.50,125.00,100.00
23/11/23 00:03:58,1028.51,125.00,100.00
23/11/23 00:03:59,1028.55,125.00,100.00
23/11/23 00:04:00,1028.59,125.00,100.00
23/11/23 00:04:02,1028.55,125.00,100.00
23/11/23 00:04:03,1028.59,125.00,100.00
23/11/23 00:04:04,1028.60,125.00,100.00
23/11/23 00:04:05,1028.64,125.00,100.00
23/11/23 00:04:06,1028.59,125.00,100.00
23/11/23 00:04:07,1028.56,125.00,100.00
23/11/23 00:04:08,1028.53,125.00,100.00
23/11/23 00:04:09,1028.61,125.00,100.00
23/11/23 00:04:10,1028.52,125.00,100.00
23/11/23 00:04:12,1028.55,125.00,100.00
23/11/23 00:04:13,1028.44,125.00,100.00
23/11/23 00:04:14,1028.55,125.00,100.00
23/11/23 00:04:15,1028.51,125.00,100.00
23/11/23 00:04:16,1028.59,125.00,100.00
23/11/23 00:04:17,1028.56,125.00,100.00
23/11/23 00:04:18,1028.55,125.00,100.00
23/11/23 00:04:19,1028.63,125.00,100.00
23/11/23 00:04:21,1028.63,125.00,100.00
23/11/23 00:04:22,1028.60,125.00,100.00
23/11/23 00:04:23,1028.53,125.00,100.00
23/11/23 00:04:24,1028.57,125.00,100.00
23/11/23 00:04:25,1028.56,125.00,100.00
23/11/23 00:04:26,1028.63,125.00,100.00
23/11/23 00:04:27,1028.52,125.00,100.00
23/11/23 00:04:28,1028.52,125.00,100.00
23/11/23 00:04:29,1028.51,125.00,100.00
23/11/23 00:04:31,1028.58,125.00,100.00
23/11/23 00:04:32,1028.64,125.00,100.00
23/11/23 00:04:33,1028.54,125.00,100.00
23/11/23 00:04:34,1028.47,125.00,100.00
23/11/23 00:04:35,1028.55,125.00,100.00
23/11/23 00:04:36,1028.55,125.00,100.00
23/11/23 00:04:37,1028.60,125.00,100.00
23/11/23 00:04:38,1028.60,125.00,100.00
23/11/23 00:04:40,1028.55,125.00,100.00
23/11/23 00:04:41,1028.62,125.00,100.00
23/11/23 00:04:42,1028.56,125.00,100.00
23/11/23 00:04:43,1028.61,125.00,100.00
23/11/23 00:04:44,1028.50,125.00,100.00
23/11/23 00:04:45,1028.51,125.00,100.00
23/11/23 00:04:46,1028.62,125.00,100.00
23/11/23 00:04:47,1028.59,125.00,100.00
23/11/23 00:04:48,1028.60,125.00,100.00
23/11/23 00:04:50,1028.58,125.00,100.00
23/11/23 00:04:51,1028.60,125.00,100.00
23/11/23 00:04:52,1028.58,125.00,100.00
23/11/23 00:04:53,1028.62,125.00,100.00
23/11/23 00:04:54,1028.59,125.00,100.00
23/11/23 00:04:55,1028.55,125.00,100.00
23/11/23 00:04:56,1028.61,125.00,100.00
23/11/23 00:04:57,1028.58,125.00,100.00
23/11/23 00:04:59,1028.53,125.00,100.00
23/11/23 00:05:00,1028.49,125.00,100.00
23/11/23 00:05:01,1028.59,125.00,100.00
23/11/23 00:05:02,1028.56,125.00,100.00
23/11/23 00:05:03,1028.52,125.00,100.00
23/11/23 00:05:04,1028.57,125.00,100.00
23/11/23 00:05:05,1028.52,125.00,100.00
23/11/23 00:05:06,1028.59,125.00,100.00
23/11/23 00:05:07,1028.59,125.00,100.00
23/11/23 00:05:09,1028.55,125.00,100.00
23/11/23 00:05:10,1028.52,125.00,100.00
23/11/23 00:05:11,1028.48,125.00,100.00
23/11/23 00:05:12,1028.66,125.00,100.00
23/11/23 00:05:13,1028.68,125.00,100.00
23/11/23 00:05:14,1028.54,125.00,100.00
23/11/23 00:05:15,1028.63,125.00,100.00
23/11/23 00:05:16,1028.58,125.00,100.00
23/11/23 00:05:18,1028.57,125.00,100.00
23/11/23 00:05:19,1028.57,125.00,100.00
23/11/23 00:05:20,1028.70,125.00,100.00
23/11/23 00:05:21,1028.66,125.00,100.00
23/11/23 00:05:22,1028.62,125.00,100.00
23/11/23 00:05:23,1028.56,125.00,100.00
23/11/23 00:05:24,1028.49,125.00,100.00
23/11/23 00:05:25,1028.58,125.00,100.00
23/11/23 00:05:27,1028.59,125.00,100.00
23/11/23 00:05:28,1028.62,125.00,100.00
23/11/23 00:05:29,1028.61,125.00,100.00
23/11/23 00:05:30,1028.51,125.00,100.00
23/11/23 00:05:31,1028.59,125.00,100.00
23/11/23 00:05:32,1028.59,125.00,100.00
23/11/23 00:05:33,1028.61,125.00,100.00
23/11/23 00:05:34,1028.49,125.00,100.00
23/11/23 00:05:35,1028.60,125.00,100.00
23/11/23 00:05:37,1028.57,125.00,100.00
23/11/23 00:05:38,1028.59,125.00,100.00
23/11/23 00:05:39,1028.63,125.00,100.00
23/11/23 00:05:40,1028.60,125.00,100.00
23/11/23 00:05:41,1028.55,125.00,100.00
23/11/23 00:05:42,1028.67,125.00,100.00
23/11/23 00:05:43,1028.56,125.00,100.00
23/11/23 00:05:44,1028.49,125.00,100.00
23/11/23 00:05:46,1028.48,125.00,100.00
23/11/23 00:05:47,1028.59,125.00,100.00
23/11/23 00:05:48,1028.60,125.00,100.00
23/11/23 00:05:49,1028.55,125.00,100.00
23/11/23 00:05:50,1028.61,125.00,100.00
23/11/23 00:05:51,1028.49,125.00,100.00
23/11/23 00:05:52,1028.50,125.00,100.00
23/11/23 00:05:53,1028.56,125.00,100.00
23/11/23 00:05:54,1028.50,125.00,100.00
23/11/23 00:05:56,1028.55,125.00,100.00
23/11/23 00:05:57,1028.62,125.00,100.00
23/11/23 00:05:58,1028.55,125.00,100.00
23/11/23 00:05:59,1028.61,125.00,100.00
23/11/23 00:06:00,1028.52,125.00,100.00
23/11/23 00:06:01,1028.56,125.00,100.00
23/11/23 00:06:02,1028.55,125.00,100.00
23/11/23 00:06:03,1028.63,125.00,100.00
23/11/23 00:06:05,1028.60,125.00,100.00
23/11/23 00:06:06,1028.58,125.00,100.00
23/11/23 00:06:07,1028.57,125.00,100.00
23/11/23 00:06:08,1028.59,125.00,100.00
23/11/23 00:06:09,1028.51,125.00,100.00
23/11/23 00:06:10,1028.60,125.00,100.00
23/11/23 00:06:11,1028.62,125.00,100.00
23/11/23 00:06:12,1028.59,125.00,100.00
23/11/23 00:06:13,1028.59,125.00,100.00
23/11/23 00:06:15,1028.58,125.00,100.00
23/11/23 00:06:16,1028.59,125.00,100.00
23/11/23 00:06:17,1028.62,125.00,100.00
23/11/23 00:06:18,1028.59,125.00,100.00
23/11/23 00:06:19,1028.62,125.00,100.00
23/11/23 00:06:20,1028.70,125.00,100.00
23/11/23 00:06:21,1028.57,125.00,100.00
23/11/23 00:06:22,1028.62,125.00,100.00
23/11/23 00:06:24,1028.52,125.00,100.00
23/11/23 00:06:25,1028.57,125.00,100.00
23/11/23 00:06:26,1028.53,125.00,100.00
23/11/23 00:06:27,1028.54,125.00,100.00
23/11/23 00:06:28,1028.44,125.00,100.00
23/11/23 00:06:29,1028.46,125.00,100.00
23/11/23 00:06:30,1028.54,125.00,100.00
23/11/23 00:06:31,1028.62,125.00,100.00
23/11/23 00:06:32,1028.65,125.00,100.00
23/11/23 00:06:34,1028.58,125.00,100.00
23/11/23 00:06:35,1028.57,125.00,100.00
23/11/23 00:06:36,1028.55,125.00,100.00
23/11/23 00:06:37,1028.53,125.00,100.00
23/11/23 00:06:38,1028.60,125.00,100.00
23/11/23 00:06:39,1028.53,125.00,100.00
23/11/23 00:06:40,1028.54,125.00,100.00
23/11/23 00:06:41,1028.61,125.00,100.00
23/11/23 00:06:43,1028.54,125.00,100.00
23/11/23 00:06:44,1028.52,125.00,100.00
23/11/23 00:06:45,1028.62,125.00,100.00
23/11/23 00:06:46,1028.57,125.00,100.00
23/11/23 00:06:47,1028.53,125.00,100.00
23/11/23 00:06:48,1028.45,125.00,100.00
23/11/23 00:06:49,1028.57,125.00,100.00
23/11/23 00:06:50,1028.48,125.00,100.00
23/11/23 00:06:51,1028.51,125.00,100.00
23/11/23 00:06:53,1028.60,125.00,100.00
23/11/23 00:06:54,1028.58,125.00,100.00
23/11/23 00:06:55,1028.51,125.00,100.00
23/11/23 00:06:56,1028.56,125.00,100.00
23/11/23 00:06:57,1028.57,125.00,100.00
23/11/23 00:06:58,1028.57,125.00,100.00
23/11/23 00:06:59,1028.61,125.00,100.00
23/11/23 00:07:00,1028.52,125.00,100.00
23/11/23 00:07:02,1028.62,125.00,100.00
23/11/23 00:07:03,1028.55,125.00,100.00
23/11/23 00:07:04,1028.46,125.00,100.00
23/11/23 00:07:05,1028.46,125.00,100.00
23/11/23 00:07:06,1028.53,125.00,100.00
23/11/23 00:07:07,1028.56,125.00,100.00
23/11/23 00:07:08,1028.57,125.00,100.00
23/11/23 00:07:09,1028.41,125.00,100.00
23/11/23 00:07:10,1028.44,125.00,100.00
23/11/23 00:07:12,1028.50,125.00,100.00
23/11/23 00:07:13,1028.49,125.00,100.00
23/11/23 00:07:14,1028.56,125.00,100.00
23/11/23 00:07:15,1028.49,125.00,100.00
23/11/23 00:07:16,1028.53,125.00,100.00
23/11/23 00:07:17,1028.53,125.00,100.00
23/11/23 00:07:18,1028.58,125.00,100.00
23/11/23 00:07:19,1028.55,125.00,100.00
23/11/23 00:07:21,1028.41,125.00,100.00
23/11/23 00:07:22,1028.53,125.00,100.00
23/11/23 00:07:23,1028.49,125.00,100.00
23/11/23 00:07:24,1028.46,125.00,100.00
23/11/23 00:07:25,1028.54,125.00,100.00
23/11/23 00:07:26,1028.57,125.00,100.00
23/11/23 00:07:27,1028.52,125.00,100.00
23/11/23 00:07:28,1028.53,125.00,100.00
23/11/23 00:07:29,1028.53,125.00,100.00
23/11/23 00:07:31,1028.47,125.00,100.00
23/11/23 00:07:32,1028.52,125.00,100.00
23/11/23 00:07:33,1028.47,125.00,100.00
23/11/23 00:07:34,1028.47,125.00,100.00
23/11/23 00:07:35,1028.53,125.00,100.00
23/11/23 00:07:36,1028.49,125.00,100.00
23/11/23 00:07:37,1028.55,125.00,100.00
23/11/23 00:07:38,1028.49,125.00,100.00
23/11/23 00:07:40,1028.70,125.00,100.00
23/11/23 00:07:41,1028.49,125.00,100.00
23/11/23 00:07:42,1028.39,125.00,100.00
23/11/23 00:07:43,1028.45,125.00,100.00
23/11/23 00:07:44,1028.50,125.00,100.00
23/11/23 00:07:45,1028.51,125.00,100.00
23/11/23 00:07:46,1028.47,125.00,100.00
23/11/23 00:07:47,1028.43,125.00,100.00
23/11/23 00:07:48,1028.54,125.00,100.00
23/11/23 00:07:50,1028.51,125.00,100.00
23/11/23 00:07:51,1028.56,125.00,100.00
23/11/23 00:07:52,1028.54,125.00,100.00
23/11/23 00:07:53,1028.49,125.00,100.00
23/11/23 00:07:54,1028.54,125.00,100.00
23/11/23 00:07:55,1028.49,125.00,100.00
23/11/23 00:07:56,1028.57,125.00,100.00
23/11/23 00:07:57,1028.46,125.00,100.00
23/11/23 00:07:59,1028.47,125.00,100.00
23/11/23 00:08:00,1028.52,125.00,100.00
23/11/23 00:08:01,1028.57,125.00,100.00
23/11/23 00:08:02,1028.46,125.00,100.00
23/11/23 00:08:03,1028.50,125.00,100.00
23/11/23 00:08:04,1028.45,125.00,100.00
23/11/23 00:08:05,1028.52,125.00,100.00
23/11/23 00:08:06,1028.46,125.00,100.00
23/11/23 00:08:07,1028.57,125.00,100.00
23/11/23 00:08:09,1028.50,125.00,100.00
23/11/23 00:08:10,1028.54,125.00,100.00
23/11/23 00:08:11,1028.56,125.00,100.00
23/11/23 00:08:12,1028.50,125.00,100.00
23/11/23 00:08:13,1028.45,125.00,100.00
23/11/23 00:08:14,1028.58,125.00,100.00
23/11/23 00:08:15,1028.54,125.00,100.00
23/11/23 00:08:16,1028.59,125.00,100.00
23/11/23 00:08:18,1028.50,125.00,100.00
23/11/23 00:08:19,1028.51,125.00,100.00
23/11/23 00:08:20,1028.53,125.00,100.00
23/11/23 00:08:21,1028.56,125.00,100.00
23/11/23 00:08:22,1028.51,125.00,100.00
23/11/23 00:08:23,1028.49,125.00,100.00
23/11/23 00:08:24,1028.55,125.00,100.00
23/11/23 00:08:25,1028.48,125.00,100.00
23/11/23 00:08:27,1028.59,125.00,100.00
23/11/23 00:08:28,1028.55,125.00,100.00
23/11/23 00:08:29,1028.51,125.00,100.00
23/11/23 00:08:30,1028.38,125.00,100.00
23/11/23 00:08:31,1028.52,125.00,100.00
23/11/23 00:08:32,1028.51,125.00,100.00
23/11/23 00:08:33,1028.53,125.00,100.00
23/11/23 00:08:34,1028.47,125.00,100.00
23/11/23 00:08:35,1028.56,125.00,100.00
23/11/23 00:08:37,1028.47,125.00,100.00
23/11/23 00:08:38,1028.54,125.00,100.00
23/11/23 00:08:39,1028.49,125.00,100.00
23/11/23 00:08:40,1028.50,125.00,100.00
23/11/23 00:08:41,1028.40,125.00,100.00
23/11/23 00:08:42,1028.52,125.00,100.00
23/11/23 00:08:43,1028.53,125.00,100.00
23/11/23 00:08:44,1028.45,125.00,100.00
23/11/23 00:08:46,1028.45,125.00,100.00
23/11/23 00:08:47,1028.55,125.00,100.00
23/11/23 00:08:48,1028.53,125.00,100.00
23/11/23 00:08:49,1028.54,125.00,100.00
23/11/23 00:08:50,1028.46,125.00,100.00
23/11/23 00:08:51,1028.43,125.00,100.00
23/11/23 00:08:52,1028.56,125.00,100.00
23/11/23 00:08:53,1028.45,125.00,100.00
23/11/23 00:08:55,1028.61,125.00,100.00
23/11/23 00:08:56,1028.48,125.00,100.00
23/11/23 00:08:57,1028.57,125.00,100.00
23/11/23 00:08:58,1028.54,125.00,100.00
23/11/23 00:08:59,1028.45,125.00,100.00
23/11/23 00:09:00,1028.44,125.00,100.00
23/11/23 00:09:01,1028.51,125.00,100.00
23/11/23 00:09:02,1028.42,125.00,100.00
23/11/23 00:09:03,1028.53,125.00,100.00
23/11/23 00:09:05,1028.52,125.00,100.00
23/11/23 00:09:06,1028.43,125.00,100.00
23/11/23 00:09:07,1028.53,125.00,100.00
23/11/23 00:09:08,1028.56,125.00,100.00
23/11/23 00:09:09,1028.37,125.00,100.00
23/11/23 00:09:10,1028.44,125.00,100.00
23/11/23 00:09:11,1028.53,125.00,100.00
23/11/23 00:09:12,1028.47,125.00,100.00
23/11/23 00:09:14,1028.51,125.00,100.00
23/11/23 00:09:15,1028.52,125.00,100.00
23/11/23 00:09:16,1028.46,125.00,100.00
23/11/23 00:09:17,1028.46,125.00,100.00
23/11/23 00:09:18,1028.44,125.00,100.00
23/11/23 00:09:19,1028.50,125.00,100.00
23/11/23 00:09:20,1028.46,125.00,100.00
23/11/23 00:09:21,1028.49,125.00,100.00
23/11/23 00:09:23,1028.52,125.00,100.00
23/11/23 00:09:24,1028.61,125.00,100.00
23/11/23 00:09:25,1028.43,125.00,100.00
23/11/23 00:09:26,1028.44,125.00,100.00
23/11/23 00:09:27,1028.51,125.00,100.00
23/11/23 00:09:28,1028.47,125.00,100.00
23/11/23 00:09:29,1028.45,125.00,100.00
23/11/23 00:09:30,1028.41,125.00,100.00
23/11/23 00:09:31,1028.58,125.00,100.00
23/11/23 00:09:33,1028.45,125.00,100.00
23/11/23 00:09:34,1028.50,125.00,100.00
23/11/23 00:09:35,1028.43,125.00,100.00
23/11/23 00:09:36,1028.48,125.00,100.00
23/11/23 00:09:37,1028.40,125.00,100.00
23/11/23 00:09:38,1028.44,125.00,100.00
23/11/23 00:09:39,1028.35,125.00,100.00
23/11/23 00:09:40,1028.30,125.00,100.00
23/11/23 00:09:42,1028.56,125.00,100.00
23/11/23 00:09:43,1028.43,125.00,100.00
23/11/23 00:09:44,1028.41,125.00,100.00
23/11/23 00:09:45,1028.51,125.00,100.00
23/11/23 00:09:46,1028.44,125.00,100.00
23/11/23 00:09:47,1028.47,125.00,100.00
23/11/23 00:09:48,1028.47,125.00,100.00
23/11/23 00:09:49,1028.50,125.00,100.00
23/11/23 00:09:51,1028.49,125.00,100.00
23/11/23 00:09:52,1028.50,125.00,100.00
23/11/23 00:09:53,1028.53,125.00,100.00
23/11/23 00:09:54,1028.45,125.00,100.00
23/11/23 00:09:55,1028.52,125.00,100.00
23/11/23 00:09:56,1028.45,125.00,100.00
23/11/23 00:09:57,1028.53,125.00,100.00
23/11/23 00:09:58,1028.44,125.00,100.00
23/11/23 00:09:59,1028.46,125.00,100.00
23/11/23 00:10:01,1028.49,125.00,100.00
23/11/23 00:10:02,1028.43,125.00,100.00
23/11/23 00:10:03,1028.43,125.00,100.00
23/11/23 00:10:04,1028.53,125.00,100.00
23/11/23 00:10:05,1028.48,125.00,100.00
23/11/23 00:10:06,1028.56,125.00,100.00
23/11/23 00:10:07,1028.45,125.00,100.00
23/11/23 00:10:08,1028.55,125.00,100.00
23/11/23 00:10:10,1028.51,125.00,100.00
23/11/23 00:10:11,1028.42,125.00,100.00
23/11/23 00:10:12,1028.45,125.00,100.00
23/11/23 00:10:13,1028.48,125.00,100.00
23/11/23 00:10:14,1028.45,125.00,100.00
23/11/23 00:10:15,1028.45,125.00,100.00
23/11/23 00:10:16,1028.50,125.00,100.00
23/11/23 00:10:17,1028.43,125.00,100.00
23/11/23 00:10:19,1028.42,125.00,100.00
23/11/23 00:10:20,1028.39,125.00,100.00
23/11/23 00:10:21,1028.45,125.00,100.00
23/11/23 00:10:22,1028.48,125.00,100.00
23/11/23 00:10:23,1028.47,125.00,100.00
23/11/23 00:10:24,1028.40,125.00,100.00
23/11/23 00:10:25,1028.46,125.00,100.00
23/11/23 00:10:26,1028.54,125.00,100.00
23/11/23 00:10:27,1028.44,125.00,100.00
23/11/23 00:10:29,1028.45,125.00,100.00
23/11/23 00:10:30,1028.39,125.00,100.00
23/11/23 00:10:31,1028.47,125.00,100.00
23/11/23 00:10:32,1028.52,125.00,100.00
23/11/23 00:10:33,1028.47,125.00,100.00
23/11/23 00:10:34,1028.46,125.00,100.00
23/11/23 00:10:35,1028.50,125.00,100.00
23/11/23 00:10:36,1028.44,125.00,100.00
23/11/23 00:10:38,1028.55,125.00,100.00
23/11/23 00:10:39,1028.47,125.00,100.00
23/11/23 00:10:40,1028.39,125.00,100.00
23/11/23 00:10:41,1028.50,125.00,100.00
23/11/23 00:10:42,1028.57,125.00,100.00
23/11/23 00:10:43,1028.46,125.00,100.00
23/11/23 00:10:44,1028.42,125.00,100.00
23/11/23 00:10:45,1028.46,125.00,100.00
23/11/23 00:10:46,1028.42,125.00,100.00
23/11/23 00:10:48,1028.48,125.00,100.00
23/11/23 00:10:49,1028.39,125.00,100.00
23/11/23 00:10:50,1028.40,125.00,100.00
23/11/23 00:10:51,1028.31,125.00,100.00
23/11/23 00:10:52,1028.45,125.00,100.00
23/11/23 00:10:53,1028.49,125.00,100.00
23/11/23 00:10:54,1028.33,125.00,100.00
23/11/23 00:10:55,1028.49,125.00,100.00
23/11/23 00:10:57,1028.43,125.00,100.00
23/11/23 00:10:58,1028.45,125.00,100.00
23/11/23 00:10:59,1028.46,125.00,100.00
23/11/23 00:11:00,1028.43,125.00,100.00
23/11/23 00:11:01,1028.49,125.00,100.00
23/11/23 00:11:02,1028.46,125.00,100.00
23/11/23 00:11:03,1028.45,125.00,100.00
23/11/23 00:11:04,1028.53,125.00,100.00
23/11/23 00:11:06,1028.40,125.00,100.00
23/11/23 00:11:07,1028.44,125.00,100.00
23/11/23 00:11:08,1028.37,125.00,100.00
23/11/23 00:11:09,1028.45,125.00,100.00
23/11/23 00:11:10,1028.51,125.00,100.00
23/11/23 00:11:11,1028.58,125.00,100.00
23/11/23 00:11:12,1028.47,125.00,100.00
23/11/23 00:11:13,1028.48,125.00,100.00
23/11/23 00:11:14,1028.40,125.00,100.00
23/11/23 00:11:16,1028.35,125.00,100.00
23/11/23 00:11:17,1028.44,125.00,100.00
23/11/23 00:11:18,1028.48,125.00,100.00
23/11/23 00:11:19,1028.49,125.00,100.00
23/11/23 00:11:20,1028.45,125.00,100.00
23/11/23 00:11:21,1028.42,125.00,100.00
23/11/23 00:11:22,1028.50,125.00,100.00
23/11/23 00:11:23,1028.43,125.00,100.00
23/11/23 00:11:25,1028.53,125.00,100.00
23/11/23 00:11:26,1028.41,125.00,100.00
23/11/23 00:11:27,1028.46,125.00,100.00
23/11/23 00:11:28,1028.45,125.00,100.00
23/11/23 00:11:29,1028.44,125.00,100.00
23/11/23 00:11:30,1028.54,125.00,100.00
23/11/23 00:11:31,1028.46,125.00,100.00
23/11/23 00:11:32,1028.49,125.00,100.00
23/11/23 00:11:34,1028.50,125.00,100.00
23/11/23 00:11:35,1028.45,125.00,100.00
23/11/23 00:11:36,1028.49,125.00,100.00
23/11/23 00:11:37,1028.39,125.00,100.00
23/11/23 00:11:38,1028.48,125.00,100.00
23/11/23 00:11:39,1028.56,125.00,100.00
23/11/23 00:11:40,1028.53,125.00,100.00
23/11/23 00:11:41,1028.53,125.00,100.00
23/11/23 00:11:42,1028.54,125.00,100.00
23/11/23 00:11:44,1028.48,125.00,100.00
23/11/23 00:11:45,1028.45,125.00,100.00
23/11/23 00:11:46,1028.39,125.00,100.00
23/11/23 00:11:47,1028.43,125.00,100.00
23/11/23 00:11:48,1028.53,125.00,100.00
23/11/23 00:11:49,1028.39,125.00,100.00
23/11/23 00:11:50,1028.47,125.00,100.00
23/11/23 00:11:51,1028.40,125.00,100.00
23/11/23 00:11:53,1028.49,125.00,100.00
23/11/23 00:11:54,1028.39,125.00,100.00
23/11/23 00:11:55,1028.42,125.00,100.00
23/11/23 00:11:56,1028.43,125.00,100.00
23/11/23 00:11:57,1028.40,125.00,100.00
23/11/23 00:11:58,1028.51,125.00,100.00
23/11/23 00:11:59,1028.37,125.00,100.00
23/11/23 00:12:00,1028.46,125.00,100.00
23/11/23 00:12:02,1028.51,125.00,100.00
23/11/23 00:12:03,1028.57,125.00,100.00
23/11/23 00:12:04,1028.56,125.00,100.00
23/11/23 00:12:05,1028.41,125.00,100.00
23/11/23 00:12:06,1028.46,125.00,100.00
23/11/23 00:12:07,1028.47,125.00,100.00
23/11/23 00:12:08,1028.54,125.00,100.00
23/11/23 00:12:09,1028.53,125.00,100.00
23/11/23 00:12:10,1028.41,125.00,100.00
23/11/23 00:12:12,1028.50,125.00,100.00
23/11/23 00:12:13,1028.39,125.00,100.00
23/11/23 00:12:14,1028.37,125.00,100.00
23/11/23 00:12:15,1028.47,125.00,100.00
23/11/23 00:12:16,1028.50,125.00,100.00
23/11/23 00:12:17,1028.44,125.00,100.00
23/11/23 00:12:18,1028.39,125.00,100.00
23/11/23 00:12:19,1028.50,125.00,100.00
23/11/23 00:12:21,1028.55,125.00,100.00
23/11/23 00:12:22,1028.40,125.00,100.00
23/11/23 00:12:23,1028.41,125.00,100.00
23/11/23 00:12:24,1028.50,125.00,100.00
23/11/23 00:12:25,1028.45,125.00,100.00
23/11/23 00:12:26,1028.41,125.00,100.00
23/11/23 00:12:27,1028.46,125.00,100.00
23/11/23 00:12:28,1028.47,125.00,100.00
23/11/23 00:12:30,1028.45,125.00,100.00
23/11/23 00:12:31,1028.42,125.00,100.00
23/11/23 00:12:32,1028.51,125.00,100.00
23/11/23 00:12:33,1028.36,125.00,100.00
23/11/23 00:12:34,1028.52,125.00,100.00
23/11/23 00:12:35,1028.52,125.00,100.00
23/11/23 00:12:36,1028.49,125.00,100.00
23/11/23 00:12:37,1028.53,125.00,100.00
23/11/23 00:12:38,1028.47,125.00,100.00
23/11/23 00:12:40,1028.44,125.00,100.00
23/11/23 00:12:41,1028.47,125.00,100.00
23/11/23 00:12:42,1028.39,125.00,100.00
23/11/23 00:12:43,1028.51,125.00,100.00
23/11/23 00:12:44,1028.43,125.00,100.00
23/11/23 00:12:45,1028.47,125.00,100.00
23/11/23 00:12:46,1028.39,125.00,100.00
23/11/23 00:12:47,1028.46,125.00,100.00
23/11/23 00:12:49,1028.39,125.00,100.00
23/11/23 00:12:50,1028.34,125.00,100.00
23/11/23 00:12:51,1028.53,125.00,100.00
23/11/23 00:12:52,1028.44,125.00,100.00
23/11/23 00:12:53,1028.43,125.00,100.00
23/11/23 00:12:54,1028.46,125.00,100.00
23/11/23 00:12:55,1028.43,125.00,100.00
23/11/23 00:12:56,1028.46,125.00,100.00
23/11/23 00:12:58,1028.42,125.00,100.00
23/11/23 00:12:59,1028.40,125.00,100.00
23/11/23 00:13:00,1028.37,125.00,100.00
23/11/23 00:13:01,1028.53,125.00,100.00
23/11/23 00:13:02,1028.42,125.00,100.00
23/11/23 00:13:03,1028.46,125.00,100.00
23/11/23 00:13:04,1028.44,125.00,100.00
23/11/23 00:13:05,1028.53,125.00,100.00
23/11/23 00:13:06,1028.40,125.00,100.00
23/11/23 00:13:08,1028.47,125.00,100.00
23/11/23 00:13:09,1028.48,125.00,100.00
23/11/23 00:13:10,1028.49,125.00,100.00
23/11/23 00:13:11,1028.49,125.00,100.00
23/11/23 00:13:12,1028.43,125.00,100.00
23/11/23 00:13:13,1028.57,125.00,100.00
23/11/23 00:13:14,1028.61,125.00,100.00
23/11/23 00:13:15,1028.50,125.00,100.00
23/11/23 00:13:17,1028.53,125.00,100.00
23/11/23 00:13:18,1028.49,125.00,100.00
23/11/23 00:13:19,1028.50,125.00,100.00
23/11/23 00:13:20,1028.48,125.00,100.00
23/11/23 00:13:21,1028.39,125.00,100.00
23/11/23 00:13:22,1028.39,125.00,100.00
23/11/23 00:13:23,1028.42,125.00,100.00
23/11/23 00:13:24,1028.35,125.00,100.00
23/11/23 00:13:26,1028.47,125.00,100.00
23/11/23 00:13:27,1028.37,125.00,100.00
23/11/23 00:13:28,1028.43,125.00,100.00
23/11/23 00:13:29,1028.43,125.00,100.00
23/11/23 00:13:30,1028.45,125.00,100.00
23/11/23 00:13:31,1028.44,125.00,100.00
23/11/23 00:13:32,1028.38,125.00,100.00
23/11/23 00:13:33,1028.46,125.00,100.00
23/11/23 00:13:34,1028.47,125.00,100.00
23/11/23 00:13:36,1028.46,125.00,100.00
23/11/23 00:13:37,1028.48,125.00,100.00
23/11/23 00:13:38,1028.53,125.00,100.00
23/11/23 00:13:39,1028.45,125.00,100.00
23/11/23 00:13:40,1028.38,125.00,100.00
23/11/23 00:13:41,1028.43,125.00,100.00
23/11/23 00:13:42,1028.51,125.00,100.00
23/11/23 00:13:43,1028.47,125.00,100.00
23/11/23 00:13:45,1028.46,125.00,100.00
23/11/23 00:13:46,1028.52,125.00,100.00
23/11/23 00:13:47,1028.41,125.00,100.00
23/11/23 00:13:48,1028.47,125.00,100.00
23/11/23 00:13:49,1028.44,125.00,100.00
23/11/23 00:13:50,1028.43,125.00,100.00
23/11/23 00:13:51,1028.46,125.00,100.00
23/11/23 00:13:52,1028.44,125.00,100.00
23/11/23 00:13:54,1028.42,125.00,100.00
23/11/23 00:13:55,1028.48,125.00,100.00
23/11/23 00:13:56,1028.41,125.00,100.00
23/11/23 00:13:57,1028.52,125.00,100.00
23/11/23 00:13:58,1028.47,125.00,100.00
23/11/23 00:13:59,1028.44,125.00,100.00
23/11/23 00:14:00,1028.38,125.00,100.00
23/11/23 00:14:01,1028.51,125.00,100.00
23/11/23 00:14:02,1028.39,125.00,100.00
23/11/23 00:14:04,1028.42,125.00,100.00
23/11/23 00:14:05,1028.41,125.00,100.00
23/11/23 00:14:06,1028.44,125.00,100.00
23/11/23 00:14:07,1028.43,125.00,100.00
23/11/23 00:14:08,1028.39,125.00,100.00
23/11/23 00:14:09,1028.47,125.00,100.00
23/11/23 00:14:10,1028.41,125.00,100.00
23/11/23 00:14:11,1028.36,125.00,100.00
23/11/23 00:14:13,1028.36,125.00,100.00
23/11/23 00:14:14,1028.44,125.00,100.00
23/11/23 00:14:15,1028.34,125.00,100.00
23/11/23 00:14:16,1028.39,125.00,100.00
23/11/23 00:14:17,1028.51,125.00,100.00
23/11/23 00:14:18,1028.44,125.00,100.00
23/11/23 00:14:19,1028.41,125.00,100.00
23/11/23 00:14:20,1028.40,125.00,100.00
23/11/23 00:14:22,1028.45,125.00,100.00
23/11/23 00:14:23,1028.43,125.00,100.00
23/11/23 00:14:24,1028.41,125.00,100.00
23/11/23 00:14:25,1028.31,125.00,100.00
23/11/23 00:14:26,1028.35,125.00,100.00
23/11/23 00:14:27,1028.46,125.00,100.00
23/11/23 00:14:28,1028.42,125.00,100.00
23/11/23 00:14:29,1028.43,125.00,100.00
23/11/23 00:14:30,1028.39,125.00,100.00
23/11/23 00:14:32,1028.43,125.00,100.00
23/11/23 00:14:33,1028.49,125.00,100.00
23/11/23 00:14:34,1028.40,125.00,100.00
23/11/23 00:14:35,1028.40,125.00,100.00
23/11/23 00:14:36,1028.34,125.00,100.00
23/11/23 00:14:37,1028.39,125.00,100.00
23/11/23 00:14:38,1028.42,125.00,100.00
23/11/23 00:14:39,1028.43,125.00,100.00
23/11/23 00:14:41,1028.41,125.00,100.00
23/11/23 00:14:42,1028.42,125.00,100.00
23/11/23 00:14:43,1028.42,125.00,100.00
23/11/23 00:14:44,1028.42,125.00,100.00
23/11/23 00:14:45,1028.41,125.00,100.00
23/11/23 00:14:46,1028.39,125.00,100.00
23/11/23 00:14:47,1028.49,125.00,100.00
23/11/23 00:14:48,1028.45,125.00,100.00
23/11/23 00:14:50,1028.62,125.00,100.00
23/11/23 00:14:51,1028.44,125.00,100.00
23/11/23 00:14:52,1028.39,125.00,100.00
23/11/23 00:14:53,1028.51,125.00,100.00
23/11/23 00:14:54,1028.39,125.00,100.00
23/11/23 00:14:55,1028.39,125.00,100.00
23/11/23 00:14:56,1028.38,125.00,100.00
23/11/23 00:14:57,1028.43,125.00,100.00
23/11/23 00:14:58,1028.37,125.00,100.00
23/11/23 00:15:00,1028.38,125.00,100.00
23/11/23 00:15:01,1028.38,125.00,100.00
23/11/23 00:15:02,1028.38,125.00,100.00
23/11/23 00:15:03,1028.40,125.00,100.00
23/11/23 00:15:04,1028.52,125.00,100.00
23/11/23 00:15:05,1028.50,125.00,100.00
23/11/23 00:15:06,1028.40,125.00,100.00
23/11/23 00:15:07,1028.38,125.00,100.00
23/11/23 00:15:09,1028.44,125.00,100.00
23/11/23 00:15:10,1028.42,125.00,100.00
23/11/23 00:15:11,1028.45,125.00,100.00
23/11/23 00:15:12,1028.59,125.00,100.00
23/11/23 00:15:13,1028.53,125.00,100.00
23/11/23 00:15:14,1028.45,125.00,100.00
23/11/23 00:15:15,1028.51,125.00,100.00
23/11/23 00:15:16,1028.41,125.00,100.00
23/11/23 00:15:17,1028.38,125.00,100.00
23/11/23 00:15:19,1028.35,125.00,100.00
23/11/23 00:15:20,1028.50,125.00,100.00
23/11/23 00:15:21,1028.38,125.00,100.00
23/11/23 00:15:22,1028.59,125.00,100.00
23/11/23 00:15:23,1028.34,125.00,100.00
23/11/23 00:15:24,1028.51,125.00,100.00
23/11/23 00:15:25,1028.46,125.00,100.00
23/11/23 00:15:26,1028.45,125.00,100.00
23/11/23 00:15:28,1028.36,125.00,100.00
23/11/23 00:15:29,1028.46,125.00,100.00
23/11/23 00:15:30,1028.49,125.00,100.00
23/11/23 00:15:31,1028.35,125.00,100.00
23/11/23 00:15:32,1028.48,125.00,100.00
23/11/23 00:15:33,1028.38,125.00,100.00
23/11/23 00:15:34,1028.46,125.00,100.00
23/11/23 00:15:35,1028.50,125.00,100.00
23/11/23 00:15:37,1028.40,125.00,100.00
23/11/23 00:15:38,1028.36,125.00,100.00
23/11/23 00:15:39,1028.48,125.00,100.00
23/11/23 00:15:40,1028.36,125.00,100.00
23/11/23 00:15:41,1028.49,125.00,100.00
23/11/23 00:15:42,1028.38,125.00,100.00
23/11/23 00:15:43,1028.42,125.00,100.00
23/11/23 00:15:44,1028.36,125.00,100.00
23/11/23 00:15:45,1028.46,125.00,100.00
23/11/23 00:15:47,1028.47,125.00,100.00
23/11/23 00:15:48,1028.44,125.00,100.00
23/11/23 00:15:49,1028.48,125.00,100.00
23/11/23 00:15:50,1028.50,125.00,100.00
23/11/23 00:15:51,1028.42,125.00,100.00
23/11/23 00:15:52,1028.44,125.00,100.00
23/11/23 00:15:53,1028.35,125.00,100.00
23/11/23 00:15:54,1028.52,125.00,100.00
23/11/23 00:15:56,1028.47,125.00,100.00
23/11/23 00:15:57,1028.40,125.00,100.00
23/11/23 00:15:58,1028.42,125.00,100.00
23/11/23 00:15:59,1028.44,125.00,100.00
23/11/23 00:16:00,1028.47,125.00,100.00
23/11/23 00:16:01,1028.37,125.00,100.00
23/11/23 00:16:02,1028.36,125.00,100.00
23/11/23 00:16:03,1028.48,125.00,100.00
23/11/23 00:16:05,1028.41,125.00,100.00
23/11/23 00:16:06,1028.38,125.00,100.00
23/11/23 00:16:07,1028.42,125.00,100.00
23/11/23 00:16:08,1028.46,125.00,100.00
23/11/23 00:16:09,1028.45,125.00,100.00
23/11/23 00:16:10,1028.39,125.00,100.00
23/11/23 00:16:11,1028.53,125.00,100.00
23/11/23 00:16:12,1028.44,125.00,100.00
23/11/23 00:16:13,1028.46,125.00,100.00
23/11/23 00:16:15,1028.44,125.00,100.00
23/11/23 00:16:16,1028.48,125.00,100.00
23/11/23 00:16:17,1028.49,125.00,100.00
23/11/23 00:16:18,1028.47,125.00,100.00
23/11/23 00:16:19,1028.51,125.00,100.00
23/11/23 00:16:20,1028.38,125.00,100.00
23/11/23 00:16:21,1028.41,125.00,100.00
23/11/23 00:16:22,1028.42,125.00,100.00
23/11/23 00:16:24,1028.48,125.00,100.00
23/11/23 00:16:25,1028.36,125.00,100.00
23/11/23 00:16:26,1028.52,125.00,100.00
23/11/23 00:16:27,1028.45,125.00,100.00
23/11/23 00:16:28,1028.48,125.00,100.00
23/11/23 00:16:29,1028.40,125.00,100.00
23/11/23 00:16:30,1028.46,125.00,100.00
23/11/23 00:16:31,1028.48,125.00,100.00
23/11/23 00:16:33,1028.47,125.00,100.00
23/11/23 00:16:34,1028.43,125.00,100.00
23/11/23 00:16:35,1028.47,125.00,100.00
23/11/23 00:16:36,1028.50,125.00,100.00
23/11/23 00:16:37,1028.44,125.00,100.00
23/11/23 00:16:38,1028.47,125.00,100.00
23/11/23 00:16:39,1028.35,125.00,100.00
23/11/23 00:16:40,1028.37,125.00,100.00
23/11/23 00:16:41,1028.39,125.00,100.00
23/11/23 00:16:43,1028.46,125.00,100.00
23/11/23 00:16:44,1028.45,125.00,100.00
23/11/23 00:16:45,1028.48,125.00,100.00
23/11/23 00:16:46,1028.59,125.00,100.00
23/11/23 00:16:47,1028.43,125.00,100.00
23/11/23 00:16:48,1028.56,125.00,100.00
23/11/23 00:16:49,1028.52,125.00,100.00
23/11/23 00:16:50,1028.48,125.00,100.00
23/11/23 00:16:52,1028.47,125.00,100.00
23/11/23 00:16:53,1028.41,125.00,100.00
23/11/23 00:16:54,1028.41,125.00,100.00
23/11/23 00:16:55,1028.44,125.00,100.00
23/11/23 00:16:56,1028.39,125.00,100.00
23/11/23 00:16:57,1028.43,125.00,100.00
23/11/23 00:16:58,1028.38,125.00,100.00
23/11/23 00:16:59,1028.52,125.00,100.00
23/11/23 00:17:01,1028.43,125.00,100.00
23/11/23 00:17:02,1028.47,125.00,100.00
23/11/23 00:17:03,1028.49,125.00,100.00
23/11/23 00:17:04,1028.53,125.00,100.00
23/11/23 00:17:05,1028.49,125.00,100.00
23/11/23 00:17:06,1028.52,125.00,100.00
23/11/23 00:17:07,1028.48,125.00,100.00
23/11/23 00:17:08,1028.48,125.00,100.00
23/11/23 00:17:09,1028.44,125.00,100.00
23/11/23 00:17:11,1028.39,125.00,100.00
23/11/23 00:17:12,1028.46,125.00,100.00
23/11/23 00:17:13,1028.50,125.00,100.00
23/11/23 00:17:14,1028.52,125.00,100.00
23/11/23 00:17:15,1028.48,125.00,100.00
23/11/23 00:17:16,1028.51,125.00,100.00
23/11/23 00:17:17,1028.48,125.00,100.00
23/11/23 00:17:18,1028.40,125.00,100.00
23/11/23 00:17:20,1028.46,125.00,100.00
23/11/23 00:17:21,1028.36,125.00,100.00
23/11/23 00:17:22,1028.47,125.00,100.00
23/11/23 00:17:23,1028.43,125.00,100.00
23/11/23 00:17:24,1028.52,125.00,100.00
23/11/23 00:17:25,1028.53,125.00,100.00
23/11/23 00:17:26,1028.39,125.00,100.00
23/11/23 00:17:27,1028.39,125.00,100.00
23/11/23 00:17:29,1028.39,125.00,100.00
23/11/23 00:17:30,1028.50,125.00,100.00
23/11/23 00:17:31,1028.42,125.00,100.00
23/11/23 00:17:32,1028.43,125.00,100.00
23/11/23 00:17:33,1028.52,125.00,100.00
23/11/23 00:17:34,1028.48,125.00,100.00
23/11/23 00:17:35,1028.43,125.00,100.00
23/11/23 00:17:36,1028.41,125.00,100.00
23/11/23 00:17:37,1028.46,125.00,100.00
23/11/23 00:17:39,1028.61,125.00,100.00
23/11/23 00:17:40,1028.46,125.00,100.00
23/11/23 00:17:41,1028.38,125.00,100.00
23/11/23 00:17:42,1028.39,125.00,100.00
23/11/23 00:17:43,1028.46,125.00,100.00
23/11/23 00:17:44,1028.40,125.00,100.00
23/11/23 00:17:45,1028.27,125.00,100.00
23/11/23 00:17:46,1028.35,125.00,100.00
