time, pressure
19:56:17.094, 1003.87
19:56:18.084, 1003.80
19:56:19.123, 1003.80
19:56:20.120, 1003.77
19:56:21.112, 1003.83
19:56:22.144, 1003.71
19:56:23.137, 1003.85
19:56:24.130, 1003.91
19:56:25.167, 1003.75
19:56:26.158, 1003.84
19:56:27.152, 1003.76
19:56:28.194, 1003.71
19:56:29.187, 1003.71
19:56:30.184, 1003.84
19:56:31.217, 1003.86
19:56:32.209, 1003.84
19:56:33.205, 1003.81
19:56:34.194, 1003.73
19:56:35.235, 1003.78
19:56:36.232, 1003.85
19:56:37.230, 1003.80
19:56:38.228, 1003.70
19:56:39.271, 1003.74
19:56:40.261, 1003.82
19:56:41.250, 1003.85
19:56:42.289, 1003.77
19:56:43.286, 1003.79
19:56:44.275, 1003.72
19:56:45.273, 1003.73
19:56:46.316, 1003.76
19:56:47.313, 1003.71
19:56:48.307, 1003.69
19:56:49.299, 1003.66
19:56:50.339, 1003.65
19:56:51.322, 1003.70
19:56:52.353, 1003.70
19:56:53.337, 1003.68
19:56:54.368, 1003.75
19:56:55.352, 1003.70
19:56:56.381, 1003.71
19:56:57.366, 1003.70
19:56:58.398, 1003.70
19:56:59.377, 1003.65
19:57:00.407, 1003.74
19:57:01.389, 1003.67
19:57:02.420, 1003.66
19:57:03.403, 1003.66
19:57:04.433, 1003.73
19:57:05.418, 1003.68
19:57:06.449, 1003.76
19:57:07.432, 1003.65
19:57:08.459, 1003.71
19:57:09.440, 1003.68
19:57:10.469, 1003.70
19:57:11.454, 1003.64
19:57:12.483, 1003.70
19:57:13.467, 1003.63
19:57:14.498, 1003.54
19:57:15.489, 1003.69
19:57:16.521, 1003.65
19:57:17.505, 1003.62
19:57:18.535, 1003.65
19:57:19.518, 1003.62
19:57:20.511, 1003.55
19:57:21.532, 1003.65
19:57:22.565, 1003.75
19:57:23.552, 1003.59
19:57:24.537, 1003.53
19:57:25.569, 1003.66
19:57:26.554, 1003.67
19:57:27.587, 1003.57
19:57:28.574, 1003.50
19:57:29.610, 1003.53
19:57:30.595, 1003.67
19:57:31.624, 1003.68
19:57:32.608, 1003.77
19:57:33.639, 1003.57
19:57:34.622, 1003.75
19:57:35.652, 1003.67
19:57:36.635, 1003.57
19:57:37.634, 1003.66
19:57:38.670, 1003.58
19:57:39.652, 1003.61
19:57:40.680, 1003.66
19:57:41.673, 1003.58
19:57:42.661, 1003.52
19:57:43.691, 1003.66
19:57:44.674, 1003.62
19:57:45.704, 1003.69
19:57:46.689, 1003.71
19:57:47.719, 1003.69
19:57:48.703, 1003.72
19:57:49.735, 1003.66
19:57:50.718, 1003.61
19:57:51.748, 1003.75
19:57:52.730, 1003.64
19:57:53.759, 1003.72
19:57:54.746, 1003.64
19:57:55.781, 1003.70
19:57:56.766, 1003.64
19:57:57.796, 1003.59
19:57:58.778, 1003.56
19:57:59.808, 1003.56
19:58:00.788, 1003.72
19:58:01.821, 1003.56
19:58:02.808, 1003.72
19:58:03.838, 1003.69
19:58:04.822, 1003.54
19:58:05.852, 1003.62
19:58:06.834, 1003.55
19:58:07.865, 1003.51
19:58:08.848, 1003.68
19:58:09.878, 1003.68
19:58:10.863, 1003.59
19:58:11.889, 1003.60
19:58:12.870, 1003.58
19:58:13.905, 1003.61
19:58:14.888, 1003.54
19:58:15.919, 1003.59
19:58:16.902, 1003.62
19:58:17.933, 1003.69
19:58:18.914, 1003.53
19:58:19.943, 1003.50
19:58:20.925, 1003.61
19:58:21.954, 1003.59
19:58:22.936, 1003.58
19:58:23.967, 1003.58
19:58:24.954, 1003.58
19:58:25.939, 1003.59
19:58:26.970, 1003.68
19:58:27.998, 1003.63
19:58:28.975, 1003.52
19:58:30.006, 1003.63
19:58:30.990, 1003.61
19:58:32.021, 1003.59
19:58:33.007, 1003.51
19:58:33.995, 1003.63
19:58:35.026, 1003.54
19:58:36.051, 1003.63
19:58:37.034, 1003.65
19:58:38.061, 1003.64
19:58:39.043, 1003.60
19:58:40.063, 1003.62
19:58:41.046, 1003.68
19:58:42.076, 1003.68
19:58:43.059, 1003.58
19:58:44.090, 1003.60
19:58:45.073, 1003.55
19:58:46.099, 1003.59
19:58:47.091, 1003.56
19:58:48.120, 1003.65
19:58:49.103, 1003.65
19:58:50.133, 1003.56
19:58:51.117, 1003.59
19:58:52.149, 1003.56
19:58:53.132, 1003.64
19:58:54.164, 1003.73
19:58:55.149, 1003.62
19:58:56.180, 1003.64
19:58:57.164, 1003.67
19:58:58.194, 1003.66
19:58:59.173, 1003.57
19:59:00.201, 1003.52
19:59:01.183, 1003.63
19:59:02.213, 1003.64
19:59:03.194, 1003.61
19:59:04.226, 1003.58
19:59:05.207, 1003.61
19:59:06.239, 1003.53
19:59:07.221, 1003.56
19:59:08.249, 1003.58
19:59:09.230, 1003.54
19:59:10.255, 1003.66
19:59:11.237, 1003.59
19:59:12.267, 1003.57
19:59:13.252, 1003.72
19:59:14.282, 1003.72
19:59:15.264, 1003.63
19:59:16.293, 1003.67
19:59:17.278, 1003.75
19:59:18.308, 1003.64
19:59:19.289, 1003.66
19:59:20.318, 1003.54
19:59:21.301, 1003.62
19:59:22.327, 1003.61
19:59:23.356, 1003.61
19:59:24.340, 1003.68
19:59:25.371, 1003.67
19:59:26.354, 1003.64
19:59:27.383, 1003.69
19:59:28.363, 1003.62
19:59:29.392, 1003.53
19:59:30.377, 1003.55
19:59:31.405, 1003.58
19:59:32.378, 1003.60
19:59:33.398, 1003.59
19:59:34.425, 1003.51
19:59:35.407, 1003.57
19:59:36.436, 1003.60
19:59:37.419, 1003.64
19:59:38.443, 1003.60
19:59:39.425, 1003.69
19:59:40.456, 1003.65
19:59:41.440, 1003.70
19:59:42.469, 1003.70
19:59:43.451, 1003.63
19:59:44.479, 1003.55
19:59:45.464, 1003.84
19:59:46.493, 1003.61
19:59:47.477, 1003.47
19:59:48.506, 1003.52
19:59:49.489, 1003.65
19:59:50.518, 1003.62
19:59:51.501, 1003.63
19:59:52.532, 1003.59
19:59:53.517, 1003.65
19:59:54.546, 1003.74
19:59:55.529, 1003.70
19:59:56.559, 1003.64
19:59:57.543, 1003.64
19:59:58.572, 1003.58
19:59:59.555, 1003.54
20:00:00.581, 1003.64
20:00:01.563, 1003.71
20:00:02.593, 1003.63
20:00:03.577, 1003.71
20:00:04.602, 1003.59
20:00:05.629, 1003.72
20:00:06.613, 1003.61
20:00:07.640, 1003.53
20:00:08.623, 1003.58
20:00:09.652, 1003.51
20:00:10.635, 1003.61
20:00:11.664, 1003.52
20:00:12.647, 1003.63
20:00:13.676, 1003.64
20:00:14.659, 1003.63
20:00:15.688, 1003.60
20:00:16.671, 1003.54
20:00:17.701, 1003.58
20:00:18.684, 1003.58
20:00:19.714, 1003.49
20:00:20.697, 1003.54
20:00:21.727, 1003.56
20:00:22.713, 1003.53
20:00:23.744, 1003.50
20:00:24.727, 1003.47
20:00:25.758, 1003.49
20:00:26.738, 1003.57
20:00:27.767, 1003.44
20:00:28.750, 1003.59
20:00:29.780, 1003.63
20:00:30.763, 1003.68
20:00:31.791, 1003.76
20:00:32.776, 1003.72
20:00:33.805, 1003.72
20:00:34.788, 1003.69
20:00:35.817, 1003.79
20:00:36.800, 1003.72
20:00:37.826, 1003.80
20:00:38.808, 1003.83
20:00:39.838, 1003.79
20:00:40.867, 1003.86
20:00:41.851, 1003.87
20:00:42.882, 1003.90
20:00:43.865, 1004.00
20:00:44.895, 1003.74
20:00:45.878, 1003.93
20:00:46.907, 1003.88
20:00:47.888, 1003.96
20:00:48.916, 1003.85
20:00:49.899, 1003.84
20:00:50.928, 1003.91
20:00:51.911, 1003.83
20:00:52.941, 1003.80
20:00:53.925, 1003.89
20:00:54.955, 1003.94
20:00:55.938, 1003.86
20:00:56.969, 1003.87
20:00:57.954, 1003.85
20:00:58.981, 1003.82
20:00:59.961, 1003.90
20:01:00.994, 1003.91
20:01:01.976, 1003.77
20:01:03.004, 1003.91
20:01:03.987, 1003.90
20:01:05.016, 1003.87
20:01:06.047, 1003.77
20:01:07.028, 1003.89
20:01:08.059, 1003.81
20:01:09.042, 1003.92
20:01:10.073, 1003.77
20:01:11.055, 1003.84
20:01:12.089, 1003.88
20:01:13.072, 1003.84
20:01:14.102, 1003.81
20:01:15.084, 1003.86
20:01:16.111, 1003.77
20:01:17.100, 1003.81
20:01:18.089, 1003.77
20:01:19.120, 1003.82
20:01:20.102, 1003.92
20:01:21.130, 1003.82
20:01:22.160, 1003.84
20:01:23.144, 1003.78
20:01:24.128, 1003.82
20:01:25.157, 1003.78
20:01:26.184, 1003.85
20:01:27.164, 1003.88
20:01:28.193, 1003.85
20:01:29.178, 1003.82
20:01:30.207, 1003.78
20:01:31.191, 1003.82
20:01:32.221, 1003.87
20:01:33.206, 1003.93
20:01:34.235, 1003.95
20:01:35.221, 1003.71
20:01:36.250, 1003.84
20:01:37.232, 1003.85
20:01:38.261, 1003.78
20:01:39.243, 1003.79
20:01:40.273, 1003.76
20:01:41.257, 1003.78
20:01:42.287, 1003.80
20:01:43.272, 1003.84
20:01:44.303, 1003.80
20:01:45.286, 1003.77
20:01:46.314, 1003.78
20:01:47.298, 1003.84
20:01:48.329, 1003.68
20:01:49.311, 1003.82
20:01:50.341, 1003.77
20:01:51.324, 1003.84
20:01:52.354, 1003.72
20:01:53.337, 1003.80
20:01:54.367, 1003.79
20:01:55.350, 1003.68
20:01:56.378, 1003.69
20:01:57.365, 1003.73
20:01:58.394, 1003.60
20:01:59.375, 1003.76
20:02:00.405, 1003.80
20:02:01.389, 1003.75
20:02:02.415, 1003.64
20:02:03.443, 1003.77
20:02:04.426, 1003.63
20:02:05.455, 1003.74
20:02:06.439, 1003.77
20:02:07.465, 1003.71
20:02:08.450, 1003.66
20:02:09.481, 1003.65
20:02:10.463, 1003.69
20:02:11.492, 1003.79
20:02:12.476, 1003.79
20:02:13.507, 1003.76
20:02:14.491, 1003.82
20:02:15.523, 1003.78
20:02:16.506, 1003.89
20:02:17.536, 1003.97
20:02:18.519, 1003.94
20:02:19.547, 1004.02
20:02:20.530, 1003.95
20:02:21.559, 1004.02
20:02:22.543, 1004.05
20:02:23.574, 1004.00
20:02:24.558, 1004.06
20:02:25.586, 1004.11
20:02:26.574, 1004.10
20:02:27.612, 1004.03
20:02:28.597, 1004.11
20:02:29.628, 1004.11
20:02:30.609, 1004.13
20:02:31.641, 1004.02
20:02:32.621, 1004.09
20:02:33.648, 1004.09
20:02:34.646, 1004.08
20:02:35.631, 1004.10
20:02:36.640, 1004.12
20:02:37.659, 1004.15
20:02:38.662, 1004.09
20:02:39.692, 1004.07
20:02:40.678, 1004.18
20:02:41.704, 1004.18
20:02:42.689, 1004.13
20:02:43.678, 1004.18
20:02:44.700, 1004.09
20:02:45.731, 1004.17
20:02:46.715, 1004.14
20:02:47.745, 1004.23
20:02:48.733, 1004.14
20:02:49.760, 1004.05
20:02:50.746, 1004.08
20:02:51.774, 1004.18
20:02:52.760, 1004.11
20:02:53.746, 1004.15
20:02:54.776, 1004.12
20:02:55.759, 1004.23
20:02:56.791, 1004.04
20:02:57.773, 1004.16
20:02:58.802, 1004.10
20:02:59.828, 1004.03
20:03:00.813, 1004.09
20:03:01.837, 1004.12
20:03:02.821, 1004.08
20:03:03.853, 1004.11
20:03:04.836, 1004.02
20:03:05.859, 1004.07
20:03:06.842, 1004.03
20:03:07.873, 1003.79
20:03:08.855, 1003.87
20:03:09.882, 1004.00
20:03:10.906, 1003.96
20:03:11.886, 1003.96
20:03:12.913, 1003.92
20:03:13.895, 1003.96
20:03:14.922, 1003.95
20:03:15.944, 1004.07
20:03:16.902, 1003.97
20:03:17.930, 1003.79
20:03:18.961, 1003.99
20:03:19.944, 1003.87
20:03:20.976, 1003.88
20:03:21.959, 1003.96
20:03:22.944, 1004.02
20:03:23.976, 1003.94
20:03:24.960, 1003.83
20:03:25.988, 1003.92
20:03:27.014, 1003.90
20:03:28.001, 1003.94
20:03:28.991, 1003.90
20:03:30.019, 1003.97
20:03:31.004, 1004.09
20:03:32.036, 1003.78
20:03:33.020, 1003.85
20:03:34.051, 1003.90
20:03:35.035, 1003.83
20:03:36.063, 1003.92
20:03:37.046, 1003.47
20:03:38.075, 1003.57
20:03:39.057, 1003.54
20:03:40.085, 1003.58
20:03:41.069, 1003.60
20:03:42.098, 1003.58
20:03:43.082, 1003.64
20:03:44.113, 1003.65
20:03:45.096, 1003.49
20:03:46.125, 1003.63
20:03:47.105, 1003.72
20:03:48.135, 1003.61
20:03:49.118, 1003.66
20:03:50.148, 1003.68
20:03:51.177, 1003.65
20:03:52.161, 1003.65
20:03:53.191, 1003.56
20:03:54.174, 1003.70
20:03:55.205, 1003.61
20:03:56.187, 1003.50
20:03:57.217, 1003.64
20:03:58.201, 1003.58
20:03:59.230, 1003.57
20:04:00.212, 1003.65
20:04:01.242, 1003.71
20:04:02.224, 1003.79
20:04:03.256, 1003.56
20:04:04.240, 1003.78
20:04:05.268, 1003.67
20:04:06.250, 1003.68
20:04:07.283, 1003.82
20:04:08.266, 1003.85
20:04:09.296, 1003.69
20:04:10.278, 1003.94
20:04:11.310, 1004.06
20:04:12.291, 1004.05
20:04:13.319, 1003.97
20:04:14.304, 1003.70
20:04:15.332, 1003.63
20:04:16.315, 1003.80
20:04:17.345, 1003.76
20:04:18.329, 1003.69
20:04:19.360, 1003.71
20:04:20.342, 1003.60
20:04:21.371, 1003.68
20:04:22.355, 1003.69
20:04:23.386, 1003.61
20:04:24.370, 1003.72
20:04:25.398, 1003.77
20:04:26.378, 1003.77
20:04:27.408, 1003.70
20:04:28.391, 1003.68
20:04:29.420, 1003.65
20:04:30.405, 1003.64
20:04:31.439, 1003.70
20:04:32.421, 1003.62
20:04:33.453, 1003.64
20:04:34.436, 1003.61
20:04:35.466, 1003.83
20:04:36.450, 1003.64
20:04:37.480, 1003.60
20:04:38.462, 1003.60
20:04:39.486, 1003.70
20:04:40.507, 1003.68
20:04:41.487, 1003.67
20:04:42.491, 1003.60
20:04:43.496, 1003.63
20:04:44.534, 1003.61
20:04:45.513, 1003.52
20:04:46.543, 1003.64
20:04:47.525, 1003.65
20:04:48.555, 1003.65
20:04:49.535, 1003.57
20:04:50.561, 1003.57
20:04:51.544, 1003.58
20:04:52.573, 1003.52
20:04:53.555, 1003.54
20:04:54.585, 1003.54
20:04:55.569, 1003.54
20:04:56.597, 1003.50
20:04:57.620, 1003.55
20:04:58.600, 1003.56
20:04:59.626, 1003.53
20:05:00.605, 1003.61
20:05:01.630, 1003.55
20:05:02.657, 1003.58
20:05:03.641, 1003.52
20:05:04.671, 1003.63
20:05:05.655, 1003.54
20:05:06.682, 1003.61
20:05:07.665, 1003.60
20:05:08.693, 1003.54
20:05:09.677, 1003.63
20:05:10.706, 1003.56
20:05:11.687, 1003.55
20:05:12.684, 1003.46
20:05:13.713, 1003.43
20:05:14.697, 1003.57
20:05:15.727, 1003.57
20:05:16.709, 1003.48
20:05:17.741, 1003.66
20:05:18.723, 1003.58
20:05:19.753, 1003.64
20:05:20.737, 1003.58
20:05:21.764, 1003.61
20:05:22.793, 1003.53
20:05:23.775, 1003.59
20:05:24.804, 1003.57
20:05:25.787, 1003.56
20:05:26.815, 1003.36
20:05:27.795, 1003.56
20:05:28.822, 1003.55
20:05:29.804, 1003.48
20:05:30.829, 1003.54
20:05:31.855, 1003.54
20:05:32.835, 1003.45
20:05:33.860, 1003.51
20:05:34.841, 1003.38
20:05:35.870, 1003.39
20:05:36.851, 1003.47
20:05:37.880, 1003.51
20:05:38.865, 1003.45
20:05:39.893, 1003.51
20:05:40.875, 1003.39
20:05:41.904, 1003.49
20:05:42.888, 1003.43
20:05:43.916, 1003.46
20:05:44.896, 1003.49
20:05:45.926, 1003.44
20:05:46.955, 1003.42
20:05:47.939, 1003.45
20:05:48.969, 1003.47
20:05:49.951, 1003.58
20:05:50.981, 1003.36
20:05:51.966, 1003.42
20:05:52.949, 1003.51
20:05:53.976, 1003.53
20:05:55.004, 1003.42
20:05:55.987, 1003.58
20:05:57.016, 1003.51
20:05:58.000, 1003.59
20:05:59.031, 1003.54
20:06:00.013, 1003.55
20:06:01.042, 1003.41
20:06:02.026, 1003.56
20:06:03.055, 1003.49
20:06:04.033, 1003.51
20:06:05.061, 1003.50
20:06:06.044, 1003.51
20:06:07.074, 1003.50
20:06:08.058, 1003.49
20:06:09.086, 1003.56
20:06:10.069, 1003.47
20:06:11.099, 1003.46
20:06:12.082, 1003.42
20:06:13.111, 1003.39
20:06:14.094, 1003.62
20:06:15.125, 1003.45
20:06:16.107, 1003.62
20:06:17.137, 1003.46
20:06:18.121, 1003.64
20:06:19.151, 1003.50
20:06:20.135, 1003.59
20:06:21.164, 1003.41
20:06:22.149, 1003.47
20:06:23.179, 1003.57
20:06:24.165, 1003.50
20:06:25.196, 1003.52
20:06:26.177, 1003.66
20:06:27.208, 1003.48
20:06:28.194, 1003.46
20:06:29.223, 1003.47
20:06:30.206, 1003.46
20:06:31.235, 1003.54
20:06:32.219, 1003.37
20:06:33.246, 1003.38
20:06:34.231, 1003.54
20:06:35.263, 1003.51
20:06:36.246, 1003.44
20:06:37.276, 1003.52
20:06:38.260, 1003.57
20:06:39.290, 1003.49
20:06:40.270, 1003.50
20:06:41.301, 1003.56
20:06:42.285, 1003.55
20:06:43.315, 1003.47
20:06:44.296, 1003.50
20:06:45.323, 1003.50
20:06:46.305, 1003.45
20:06:47.336, 1003.59
20:06:48.321, 1003.45
20:06:49.350, 1003.57
20:06:50.332, 1003.50
20:06:51.362, 1003.52
20:06:52.345, 1003.51
20:06:53.377, 1003.49
20:06:54.363, 1003.48
20:06:55.394, 1003.50
20:06:56.378, 1003.52
20:06:57.409, 1003.56
20:06:58.391, 1003.45
20:06:59.420, 1003.55
20:07:00.405, 1003.59
20:07:01.433, 1003.54
20:07:02.416, 1003.52
20:07:03.446, 1003.43
20:07:04.432, 1003.57
20:07:05.459, 1003.46
20:07:06.443, 1003.50
20:07:07.474, 1003.54
20:07:08.456, 1003.58
20:07:09.486, 1003.56
20:07:10.471, 1003.44
20:07:11.500, 1003.44
20:07:12.482, 1003.54
20:07:13.512, 1003.48
20:07:14.495, 1003.53
20:07:15.527, 1003.45
20:07:16.512, 1003.52
20:07:17.543, 1003.49
20:07:18.524, 1003.46
20:07:19.553, 1003.53
20:07:20.537, 1003.51
20:07:21.564, 1003.57
20:07:22.548, 1003.48
20:07:23.578, 1003.46
20:07:24.562, 1003.42
20:07:25.590, 1003.41
20:07:26.574, 1003.51
20:07:27.606, 1003.49
20:07:28.590, 1003.56
20:07:29.619, 1003.47
20:07:30.602, 1003.53
20:07:31.632, 1003.35
20:07:32.616, 1003.50
20:07:33.644, 1003.53
20:07:34.628, 1003.48
20:07:35.657, 1003.54
20:07:36.641, 1003.49
20:07:37.672, 1003.60
20:07:38.654, 1003.54
20:07:39.681, 1003.54
20:07:40.665, 1003.48
20:07:41.694, 1003.44
20:07:42.678, 1003.56
20:07:43.705, 1003.46
20:07:44.690, 1003.56
20:07:45.720, 1003.45
20:07:46.704, 1003.45
20:07:47.734, 1003.38
20:07:48.716, 1003.36
20:07:49.748, 1003.43
20:07:50.732, 1003.44
20:07:51.763, 1003.34
20:07:52.745, 1003.46
20:07:53.776, 1003.48
20:07:54.760, 1003.53
20:07:55.790, 1003.44
20:07:56.776, 1003.45
20:07:57.805, 1003.46
20:07:58.785, 1003.36
20:07:59.816, 1003.52
20:08:00.798, 1003.51
20:08:01.827, 1003.45
20:08:02.812, 1003.48
20:08:03.842, 1003.57
20:08:04.827, 1003.46
20:08:05.814, 1003.43
20:08:06.846, 1003.47
20:08:07.830, 1003.57
20:08:08.860, 1003.50
20:08:09.842, 1003.51
20:08:10.872, 1003.46
20:08:11.855, 1003.53
20:08:12.886, 1003.48
20:08:13.868, 1003.43
20:08:14.900, 1003.66
20:08:15.883, 1003.46
20:08:16.914, 1003.47
20:08:17.899, 1003.50
20:08:18.929, 1003.46
20:08:19.910, 1003.49
20:08:20.940, 1003.43
20:08:21.925, 1003.52
20:08:22.955, 1003.59
20:08:23.936, 1003.48
20:08:24.970, 1003.57
20:08:25.952, 1003.47
20:08:26.982, 1003.49
20:08:27.966, 1003.45
20:08:28.996, 1003.47
20:08:29.979, 1003.49
20:08:31.007, 1003.46
20:08:31.991, 1003.50
20:08:33.022, 1003.43
20:08:34.005, 1003.60
20:08:35.040, 1003.52
20:08:36.024, 1003.57
20:08:37.054, 1003.43
20:08:38.037, 1003.46
20:08:39.068, 1003.44
20:08:40.051, 1003.61
20:08:41.079, 1003.53
20:08:42.065, 1003.54
20:08:43.094, 1003.44
20:08:44.076, 1003.53
20:08:45.063, 1003.41
20:08:46.094, 1003.64
20:08:47.077, 1003.44
20:08:48.108, 1003.53
20:08:49.091, 1003.55
20:08:50.121, 1003.52
20:08:51.102, 1003.50
20:08:52.134, 1003.47
20:08:53.116, 1003.58
20:08:54.146, 1003.59
20:08:55.131, 1003.46
20:08:56.159, 1003.44
20:08:57.143, 1003.49
20:08:58.174, 1003.52
20:08:59.156, 1003.54
20:09:00.185, 1003.47
20:09:01.167, 1003.42
20:09:02.193, 1003.48
20:09:03.224, 1003.52
20:09:04.207, 1003.43
20:09:05.237, 1003.50
20:09:06.219, 1003.44
20:09:07.204, 1003.53
20:09:08.234, 1003.58
20:09:09.217, 1003.50
20:09:10.245, 1003.51
20:09:11.230, 1003.48
20:09:12.262, 1003.57
20:09:13.246, 1003.58
20:09:14.276, 1003.45
20:09:15.260, 1003.47
20:09:16.288, 1003.51
20:09:17.273, 1003.59
20:09:18.304, 1003.44
20:09:19.288, 1003.49
20:09:20.315, 1003.47
20:09:21.297, 1003.44
20:09:22.328, 1003.49
20:09:23.310, 1003.57
20:09:24.340, 1003.52
20:09:25.322, 1003.55
20:09:26.352, 1003.46
20:09:27.334, 1003.46
20:09:28.363, 1003.50
20:09:29.347, 1003.44
20:09:30.376, 1003.52
20:09:31.357, 1003.48
20:09:32.389, 1003.56
20:09:33.371, 1003.53
20:09:34.402, 1003.43
20:09:35.387, 1003.50
20:09:36.417, 1003.49
20:09:37.399, 1003.50
20:09:38.431, 1003.50
20:09:39.415, 1003.65
20:09:40.443, 1003.49
20:09:41.428, 1003.57
20:09:42.457, 1003.47
20:09:43.436, 1003.59
20:09:44.468, 1003.51
20:09:45.450, 1003.50
20:09:46.477, 1003.50
20:09:47.461, 1003.48
20:09:48.492, 1003.50
20:09:49.474, 1003.53
20:09:50.505, 1003.61
20:09:51.489, 1003.49
20:09:52.519, 1003.59
20:09:53.500, 1003.49
20:09:54.529, 1003.50
20:09:55.557, 1003.53
20:09:56.540, 1003.49
20:09:57.524, 1003.56
20:09:58.554, 1003.52
20:09:59.582, 1003.49
20:10:00.566, 1003.51
20:10:01.550, 1003.45
20:10:02.581, 1003.50
20:10:03.566, 1003.65
20:10:04.595, 1003.49
20:10:05.579, 1003.55
20:10:06.611, 1003.48
20:10:07.593, 1003.59
20:10:08.624, 1003.51
20:10:09.607, 1003.57
20:10:10.636, 1003.45
20:10:11.618, 1003.51
20:10:12.648, 1003.50
20:10:13.631, 1003.45
20:10:14.661, 1003.55
20:10:15.646, 1003.58
20:10:16.676, 1003.49
20:10:17.660, 1003.53
20:10:18.690, 1003.47
20:10:19.674, 1003.47
20:10:20.704, 1003.48
20:10:21.686, 1003.60
20:10:22.716, 1003.55
20:10:23.698, 1003.47
20:10:24.729, 1003.42
20:10:25.713, 1003.49
20:10:26.741, 1003.58
20:10:27.723, 1003.53
20:10:28.753, 1003.47
20:10:29.734, 1003.61
20:10:30.764, 1003.55
20:10:31.746, 1003.56
20:10:32.778, 1003.53
20:10:33.762, 1003.55
20:10:34.793, 1003.47
20:10:35.776, 1003.54
20:10:36.806, 1003.60
20:10:37.788, 1003.52
20:10:38.818, 1003.61
20:10:39.803, 1003.51
20:10:40.832, 1003.67
20:10:41.817, 1003.61
20:10:42.848, 1003.62
20:10:43.829, 1003.57
20:10:44.858, 1003.55
20:10:45.841, 1003.51
20:10:46.873, 1003.57
20:10:47.855, 1003.51
20:10:48.884, 1003.51
20:10:49.864, 1003.56
20:10:50.895, 1003.47
20:10:51.880, 1003.63
20:10:52.910, 1003.48
20:10:53.893, 1003.46
20:10:54.927, 1003.55
20:10:55.909, 1003.51
20:10:56.939, 1003.50
20:10:57.922, 1003.44
20:10:58.950, 1003.49
20:10:59.934, 1003.55
20:11:00.965, 1003.51
20:11:01.949, 1003.57
20:11:02.978, 1003.49
20:11:03.961, 1003.45
20:11:04.994, 1003.48
20:11:05.977, 1003.48
20:11:06.960, 1003.50
20:11:07.990, 1003.46
20:11:08.974, 1003.53
20:11:10.004, 1003.55
20:11:10.986, 1003.46
20:11:12.019, 1003.58
20:11:13.001, 1003.54
20:11:14.031, 1003.54
20:11:15.016, 1003.54
20:11:16.043, 1003.45
20:11:17.027, 1003.49
20:11:18.059, 1003.43
20:11:19.042, 1003.57
20:11:20.072, 1003.52
20:11:21.057, 1003.48
20:11:22.087, 1003.52
20:11:23.069, 1003.44
20:11:24.099, 1003.44
20:11:25.085, 1003.43
20:11:26.111, 1003.52
20:11:27.094, 1003.49
20:11:28.126, 1003.44
20:11:29.108, 1003.46
20:11:30.137, 1003.43
20:11:31.119, 1003.51
20:11:32.149, 1003.47
20:11:33.132, 1003.48
20:11:34.161, 1003.55
20:11:35.144, 1003.42
20:11:36.174, 1003.56
20:11:37.158, 1003.48
20:11:38.189, 1003.50
20:11:39.172, 1003.46
20:11:40.201, 1003.48
20:11:41.185, 1003.56
20:11:42.214, 1003.54
20:11:43.195, 1003.53
20:11:44.224, 1003.51
20:11:45.208, 1003.56
20:11:46.237, 1003.50
20:11:47.221, 1003.44
20:11:48.251, 1003.54
20:11:49.232, 1003.56
20:11:50.261, 1003.61
20:11:51.244, 1003.50
20:11:52.273, 1003.54
20:11:53.255, 1003.56
20:11:54.283, 1003.58
20:11:55.269, 1003.56
20:11:56.297, 1003.58
20:11:57.281, 1003.57
20:11:58.311, 1003.57
20:11:59.294, 1003.48
20:12:00.322, 1003.58
20:12:01.305, 1003.50
20:12:02.337, 1003.60
20:12:03.320, 1003.52
20:12:04.349, 1003.56
20:12:05.333, 1003.62
20:12:06.362, 1003.48
20:12:07.346, 1003.49
20:12:08.376, 1003.59
20:12:09.361, 1003.44
20:12:10.393, 1003.56
20:12:11.376, 1003.40
20:12:12.408, 1003.51
20:12:13.390, 1003.68
20:12:14.418, 1003.60
20:12:15.401, 1003.57
20:12:16.433, 1003.48
20:12:17.417, 1003.60
20:12:18.447, 1003.45
20:12:19.430, 1003.53
20:12:20.459, 1003.54
20:12:21.443, 1003.66
20:12:22.472, 1003.61
20:12:23.457, 1003.52
20:12:24.486, 1003.51
20:12:25.468, 1003.47
20:12:26.499, 1003.42
20:12:27.481, 1003.51
20:12:28.510, 1003.59
20:12:29.494, 1003.59
20:12:30.525, 1003.56
20:12:31.509, 1003.48
20:12:32.541, 1003.63
20:12:33.524, 1003.67
20:12:34.553, 1003.59
20:12:35.539, 1003.53
20:12:36.568, 1003.52
20:12:37.551, 1003.51
20:12:38.579, 1003.53
20:12:39.565, 1003.58
20:12:40.594, 1003.56
20:12:41.578, 1003.65
20:12:42.609, 1003.62
20:12:43.592, 1003.57
20:12:44.577, 1003.52
20:12:45.608, 1003.59
20:12:46.590, 1003.62
20:12:47.620, 1003.51
20:12:48.602, 1003.47
20:12:49.633, 1003.50
20:12:50.616, 1003.52
20:12:51.646, 1003.53
20:12:52.630, 1003.55
20:12:53.660, 1003.57
20:12:54.644, 1003.66
20:12:55.673, 1003.44
20:12:56.656, 1003.60
20:12:57.686, 1003.58
20:12:58.712, 1003.60
20:12:59.697, 1003.61
20:13:00.678, 1003.52
20:13:01.709, 1003.59
20:13:02.692, 1003.61
20:13:03.720, 1003.54
20:13:04.750, 1003.51
20:13:05.732, 1003.66
20:13:06.763, 1003.55
20:13:07.744, 1003.55
20:13:08.774, 1003.48
20:13:09.758, 1003.70
20:13:10.786, 1003.54
20:13:11.771, 1003.61
20:13:12.801, 1003.49
20:13:13.783, 1003.50
20:13:14.813, 1003.65
20:13:15.798, 1003.58
20:13:16.827, 1003.50
20:13:17.811, 1003.57
20:13:18.795, 1003.51
20:13:19.825, 1003.53
20:13:20.808, 1003.59
20:13:21.840, 1003.57
20:13:22.823, 1003.42
20:13:23.851, 1003.54
20:13:24.838, 1003.47
20:13:25.868, 1003.53
20:13:26.853, 1003.52
20:13:27.884, 1003.51
20:13:28.867, 1003.50
20:13:29.894, 1003.53
20:13:30.876, 1003.46
20:13:31.904, 1003.55
20:13:32.887, 1003.57
20:13:33.915, 1003.50
20:13:34.899, 1003.51
20:13:35.928, 1003.56
20:13:36.913, 1003.51
20:13:37.946, 1003.57
20:13:38.929, 1003.54
20:13:39.956, 1003.49
20:13:40.940, 1003.50
20:13:41.968, 1003.58
20:13:42.950, 1003.64
20:13:43.979, 1003.53
20:13:44.961, 1003.60
20:13:45.988, 1003.58
20:13:47.019, 1003.50
20:13:48.003, 1003.59
20:13:48.986, 1003.45
20:13:50.017, 1003.59
20:13:50.999, 1003.53
20:13:52.029, 1003.64
20:13:53.013, 1003.56
20:13:54.041, 1003.49
20:13:55.027, 1003.59
20:13:56.057, 1003.53
20:13:57.040, 1003.62
20:13:58.073, 1003.51
20:13:59.055, 1003.57
20:14:00.083, 1003.52
20:14:01.068, 1003.57
20:14:02.098, 1003.42
20:14:03.078, 1003.60
20:14:04.110, 1003.52
20:14:05.093, 1003.50
20:14:06.121, 1003.59
20:14:07.103, 1003.56
20:14:08.134, 1003.55
20:14:09.116, 1003.53
20:14:10.142, 1003.56
20:14:11.127, 1003.57
20:14:12.158, 1003.58
20:14:13.140, 1003.63
20:14:14.166, 1003.58
20:14:15.197, 1003.53
20:14:16.177, 1003.64
20:14:17.209, 1003.60
20:14:18.192, 1003.61
20:14:19.221, 1003.65
20:14:20.205, 1003.61
20:14:21.235, 1003.48
20:14:22.216, 1003.57
20:14:23.247, 1003.53
20:14:24.231, 1003.51
20:14:25.262, 1003.62
20:14:26.243, 1003.56
20:14:27.274, 1003.53
20:14:28.257, 1003.54
20:14:29.286, 1003.50
20:14:30.271, 1003.50
20:14:31.299, 1003.53
20:14:32.280, 1003.50
20:14:33.310, 1003.42
20:14:34.293, 1003.49
20:14:35.324, 1003.51
20:14:36.308, 1003.64
20:14:37.340, 1003.50
20:14:38.324, 1003.50
20:14:39.308, 1003.44
20:14:40.339, 1003.60
20:14:41.322, 1003.63
20:14:42.350, 1003.55
20:14:43.333, 1003.55
20:14:44.361, 1003.48
20:14:45.390, 1003.60
20:14:46.376, 1003.57
20:14:47.359, 1003.50
20:14:48.389, 1003.56
20:14:49.373, 1003.59
20:14:50.402, 1003.43
20:14:51.384, 1003.65
20:14:52.414, 1003.56
20:14:53.397, 1003.66
20:14:54.427, 1003.65
20:14:55.410, 1003.56
20:14:56.441, 1003.55
20:14:57.424, 1003.60
20:14:58.455, 1003.58
20:14:59.437, 1003.59
20:15:00.468, 1003.53
20:15:01.449, 1003.53
20:15:02.478, 1003.55
20:15:03.461, 1003.50
20:15:04.489, 1003.52
20:15:05.474, 1003.66
20:15:06.503, 1003.65
20:15:07.486, 1003.63
20:15:08.516, 1003.61
20:15:09.500, 1003.48
20:15:10.530, 1003.59
20:15:11.512, 1003.57
20:15:12.544, 1003.54
20:15:13.526, 1003.63
20:15:14.553, 1003.63
20:15:15.538, 1003.61
20:15:16.567, 1003.52
20:15:17.597, 1003.55
20:15:18.580, 1003.58
20:15:19.564, 1003.63
20:15:20.594, 1003.46
20:15:21.577, 1003.56
20:15:22.606, 1003.63
20:15:23.635, 1003.58
20:15:24.614, 1003.58
20:15:25.643, 1003.56
20:15:26.622, 1003.62
20:15:27.652, 1003.51
20:15:28.633, 1003.62
20:15:29.664, 1003.68
20:15:30.647, 1003.65
20:15:31.675, 1003.57
20:15:32.656, 1003.59
20:15:33.685, 1003.56
20:15:34.669, 1003.60
20:15:35.695, 1003.51
20:15:36.678, 1003.62
20:15:37.710, 1003.62
20:15:38.692, 1003.67
20:15:39.721, 1003.53
20:15:40.706, 1003.65
20:15:41.735, 1003.53
20:15:42.718, 1003.57
20:15:43.747, 1003.69
20:15:44.731, 1003.49
20:15:45.760, 1003.59
20:15:46.744, 1003.63
20:15:47.774, 1003.60
20:15:48.760, 1003.60
20:15:49.791, 1003.58
20:15:50.773, 1003.55
20:15:51.802, 1003.56
20:15:52.786, 1003.57
20:15:53.816, 1003.59
20:15:54.797, 1003.62
20:15:55.826, 1003.59
20:15:56.811, 1003.62
20:15:57.842, 1003.59
20:15:58.823, 1003.57
20:15:59.854, 1003.58
20:16:00.834, 1003.52
20:16:01.865, 1003.50
20:16:02.850, 1003.63
20:16:03.881, 1003.53
20:16:04.860, 1003.54
20:16:05.887, 1003.48
20:16:06.870, 1003.65
20:16:07.900, 1003.50
20:16:08.883, 1003.53
20:16:09.911, 1003.63
20:16:10.895, 1003.56
20:16:11.925, 1003.49
20:16:12.909, 1003.54
20:16:13.939, 1003.55
20:16:14.921, 1003.51
20:16:15.950, 1003.65
20:16:16.934, 1003.50
20:16:17.963, 1003.55
20:16:18.947, 1003.59
20:16:19.976, 1003.50
20:16:20.957, 1003.65
20:16:21.985, 1003.59
20:16:22.968, 1003.57
20:16:23.999, 1003.62
20:16:24.981, 1003.60
20:16:26.013, 1003.49
20:16:26.998, 1003.55
20:16:28.028, 1003.57
20:16:29.011, 1003.57
20:16:30.041, 1003.55
20:16:31.026, 1003.52
20:16:32.055, 1003.54
20:16:33.037, 1003.49
20:16:34.068, 1003.55
20:16:35.054, 1003.48
20:16:36.083, 1003.62
20:16:37.065, 1003.59
20:16:38.098, 1003.59
20:16:39.082, 1003.66
20:16:40.113, 1003.72
20:16:41.097, 1003.66
20:16:42.126, 1003.55
20:16:43.107, 1003.64
20:16:44.139, 1003.54
20:16:45.121, 1003.57
20:16:46.152, 1003.60
20:16:47.137, 1003.57
20:16:48.167, 1003.63
20:16:49.149, 1003.65
20:16:50.179, 1003.66
20:16:51.162, 1003.66
20:16:52.191, 1003.61
20:16:53.172, 1003.61
20:16:54.201, 1003.56
20:16:55.183, 1003.54
20:16:56.215, 1003.63
20:16:57.200, 1003.61
20:16:58.231, 1003.59
20:16:59.770, 1003.59
20:17:00.239, 1003.58
20:17:01.224, 1003.68
20:17:02.253, 1003.61
20:17:03.238, 1003.56
20:17:04.270, 1003.67
20:17:05.255, 1003.56
20:17:06.284, 1003.58
20:17:07.268, 1003.58
20:17:08.299, 1003.55
20:17:09.282, 1003.56
20:17:10.269, 1003.56
20:17:11.301, 1003.58
20:17:12.283, 1003.56
20:17:13.311, 1003.59
20:17:14.295, 1003.56
20:17:15.324, 1003.59
20:17:16.351, 1003.62
20:17:17.336, 1003.64
20:17:18.320, 1003.66
20:17:19.350, 1003.58
20:17:20.333, 1003.56
20:17:21.364, 1003.67
20:17:22.348, 1003.57
20:17:23.377, 1003.58
20:17:24.360, 1003.59
20:17:25.390, 1003.50
20:17:26.373, 1003.52
20:17:27.405, 1003.59
20:17:28.390, 1003.56
20:17:29.420, 1003.59
20:17:30.402, 1003.63
20:17:31.433, 1003.59
20:17:32.416, 1003.58
20:17:33.446, 1003.53
20:17:34.431, 1003.70
20:17:35.459, 1003.61
20:17:36.441, 1003.69
20:17:37.472, 1003.59
20:17:38.456, 1003.57
20:17:39.486, 1003.68
20:17:40.470, 1003.62
20:17:41.501, 1003.59
20:17:42.483, 1003.61
20:17:43.514, 1003.58
20:17:44.497, 1003.61
20:17:45.528, 1003.62
20:17:46.511, 1003.55
20:17:47.543, 1003.67
20:17:48.527, 1003.65
20:17:49.558, 1003.63
20:17:50.541, 1003.69
20:17:51.570, 1003.56
20:17:52.553, 1003.58
20:17:53.582, 1003.62
20:17:54.564, 1003.58
20:17:55.594, 1003.60
20:17:56.578, 1003.61
20:17:57.608, 1003.55
20:17:58.589, 1003.59
20:17:59.617, 1003.56
20:18:00.601, 1003.57
20:18:01.631, 1003.52
20:18:02.614, 1003.56
20:18:03.645, 1003.54
20:18:04.628, 1003.66
20:18:05.658, 1003.50
20:18:06.643, 1003.57
20:18:07.673, 1003.64
20:18:08.658, 1003.63
20:18:09.688, 1003.56
20:18:10.671, 1003.64
20:18:11.700, 1003.68
20:18:12.683, 1003.64
20:18:13.716, 1003.60
20:18:14.699, 1003.67
20:18:15.727, 1003.70
20:18:16.711, 1003.68
20:18:17.740, 1003.62
20:18:18.723, 1003.59
20:18:19.754, 1003.63
20:18:20.734, 1003.55
20:18:21.764, 1003.65
20:18:22.747, 1003.67
20:18:23.778, 1003.51
20:18:24.760, 1003.53
20:18:25.788, 1003.77
20:18:26.772, 1003.57
20:18:27.802, 1003.57
20:18:28.786, 1003.55
20:18:29.817, 1003.54
20:18:30.802, 1003.58
20:18:31.833, 1003.59
20:18:32.815, 1003.71
20:18:33.845, 1003.63
20:18:34.827, 1003.62
20:18:35.858, 1003.66
20:18:36.841, 1003.62
20:18:37.872, 1003.61
20:18:38.856, 1003.64
20:18:39.839, 1003.59
20:18:40.868, 1003.66
20:18:41.897, 1003.53
20:18:42.882, 1003.72
20:18:43.864, 1003.58
20:18:44.893, 1003.65
20:18:45.879, 1003.70
20:18:46.908, 1003.62
20:18:47.893, 1003.71
20:18:48.921, 1003.60
20:18:49.905, 1003.69
20:18:50.934, 1003.58
20:18:51.917, 1003.72
20:18:52.948, 1003.60
20:18:53.930, 1003.59
20:18:54.959, 1003.67
20:18:55.944, 1003.66
20:18:56.974, 1003.51
20:18:57.956, 1003.62
20:18:58.987, 1003.51
20:18:59.972, 1003.60
20:19:01.003, 1003.59
20:19:01.984, 1003.56
20:19:03.014, 1003.58
20:19:03.997, 1003.62
20:19:05.025, 1003.51
20:19:06.009, 1003.70
20:19:07.038, 1003.69
20:19:08.023, 1003.66
20:19:09.053, 1003.56
20:19:10.037, 1003.59
20:19:11.064, 1003.63
20:19:12.047, 1003.57
20:19:13.077, 1003.59
20:19:14.060, 1003.57
20:19:15.092, 1003.60
20:19:16.074, 1003.63
20:19:17.105, 1003.67
20:19:18.088, 1003.65
20:19:19.116, 1003.76
20:19:20.099, 1003.69
20:19:21.129, 1003.60
20:19:22.114, 1003.61
20:19:23.141, 1003.69
20:19:24.169, 1003.63
20:19:25.151, 1003.60
20:19:26.182, 1003.57
20:19:27.166, 1003.58
20:19:28.150, 1003.72
20:19:29.182, 1003.69
20:19:30.163, 1003.67
20:19:31.193, 1003.62
20:19:32.174, 1003.64
20:19:33.206, 1003.70
20:19:34.234, 1003.69
20:19:35.218, 1003.62
20:19:36.243, 1003.61
20:19:37.227, 1003.63
20:19:38.256, 1003.61
20:19:39.240, 1003.64
20:19:40.271, 1003.57
20:19:41.252, 1003.72
20:19:42.281, 1003.66
20:19:43.264, 1003.67
20:19:44.292, 1003.54
20:19:45.277, 1003.78
20:19:46.306, 1003.64
20:19:47.289, 1003.63
20:19:48.319, 1003.64
20:19:49.304, 1003.62
20:19:50.334, 1003.62
20:19:51.317, 1003.65
20:19:52.347, 1003.61
20:19:53.330, 1003.66
20:19:54.358, 1003.60
20:19:55.341, 1003.61
20:19:56.371, 1003.64
20:19:57.354, 1003.63
20:19:58.383, 1003.56
20:19:59.367, 1003.70
20:20:00.394, 1003.55
20:20:01.375, 1003.57
20:20:02.383, 1003.55
20:20:03.399, 1003.67
20:20:04.420, 1003.61
20:20:05.405, 1003.67
20:20:06.435, 1003.68
20:20:07.420, 1003.53
20:20:08.450, 1003.50
20:20:09.434, 1003.62
20:20:10.460, 1003.56
20:20:11.442, 1003.55
20:20:12.471, 1003.51
20:20:13.452, 1003.55
20:20:14.484, 1003.58
20:20:15.467, 1003.64
20:20:16.496, 1003.62
20:20:17.480, 1003.64
20:20:18.509, 1003.60
20:20:19.491, 1003.56
20:20:20.520, 1003.65
20:20:21.505, 1003.44
20:20:22.533, 1003.69
20:20:23.514, 1003.58
20:20:24.542, 1003.64
20:20:25.524, 1003.56
20:20:26.552, 1003.64
20:20:27.536, 1003.65
20:20:28.564, 1003.64
20:20:29.547, 1003.69
20:20:30.577, 1003.61
20:20:31.560, 1003.64
20:20:32.588, 1003.58
20:20:33.571, 1003.65
20:20:34.599, 1003.63
20:20:35.580, 1003.60
20:20:36.611, 1003.64
20:20:37.594, 1003.73
20:20:38.624, 1003.64
20:20:39.607, 1003.57
20:20:40.636, 1003.66
20:20:41.620, 1003.62
20:20:42.649, 1003.58
20:20:43.676, 1003.61
20:20:44.658, 1003.64
20:20:45.688, 1003.66
20:20:46.670, 1003.57
20:20:47.699, 1003.62
20:20:48.682, 1003.70
20:20:49.713, 1003.56
20:20:50.697, 1003.64
20:20:51.726, 1003.63
20:20:52.710, 1003.66
20:20:53.739, 1003.64
20:20:54.722, 1003.72
20:20:55.753, 1003.60
20:20:56.739, 1003.63
20:20:57.723, 1003.59
20:20:58.752, 1003.71
20:20:59.781, 1003.61
20:21:00.762, 1003.75
20:21:01.791, 1003.61
20:21:02.776, 1003.65
20:21:03.805, 1003.63
20:21:04.788, 1003.53
20:21:05.818, 1003.64
20:21:06.798, 1003.63
20:21:07.828, 1003.70
20:21:08.811, 1003.72
20:21:09.841, 1003.66
20:21:10.826, 1003.71
20:21:11.855, 1003.67
20:21:12.837, 1003.61
20:21:13.868, 1003.65
20:21:14.850, 1003.65
20:21:15.880, 1003.68
20:21:16.864, 1003.69
20:21:17.895, 1003.72
20:21:18.879, 1003.69
20:21:19.907, 1003.68
20:21:20.891, 1003.65
20:21:21.922, 1003.69
20:21:22.902, 1003.61
20:21:23.934, 1003.62
20:21:24.918, 1003.62
20:21:25.947, 1003.81
20:21:26.931, 1003.64
20:21:27.961, 1003.68
20:21:28.944, 1003.74
20:21:29.973, 1003.60
20:21:30.956, 1003.66
20:21:31.986, 1003.71
20:21:32.970, 1003.67
20:21:34.001, 1003.74
20:21:34.982, 1003.63
20:21:36.012, 1003.67
20:21:36.997, 1003.64
20:21:38.028, 1003.66
20:21:39.012, 1003.57
20:21:39.996, 1003.70
20:21:41.024, 1003.66
20:21:42.007, 1003.64
20:21:43.039, 1003.68
20:21:44.020, 1003.67
20:21:45.051, 1003.57
20:21:46.036, 1003.65
20:21:47.066, 1003.66
20:21:48.049, 1003.71
20:21:49.081, 1003.68
20:21:50.065, 1003.67
20:21:51.094, 1003.71
20:21:52.076, 1003.58
20:21:53.109, 1003.75
20:21:54.091, 1003.61
20:21:55.118, 1003.58
20:21:56.103, 1003.71
20:21:57.135, 1003.71
20:21:58.119, 1003.75
20:21:59.149, 1003.69
20:22:00.133, 1003.66
20:22:01.162, 1003.73
20:22:02.145, 1003.59
20:22:03.176, 1003.63
20:22:04.157, 1003.64
20:22:05.185, 1003.65
20:22:06.169, 1003.57
20:22:07.201, 1003.68
20:22:08.183, 1003.65
20:22:09.212, 1003.69
20:22:10.196, 1003.68
20:22:11.225, 1003.78
20:22:12.208, 1003.54
20:22:13.240, 1003.60
20:22:14.225, 1003.66
20:22:15.255, 1003.55
20:22:16.238, 1003.57
20:22:17.267, 1003.61
20:22:18.251, 1003.64
20:22:19.282, 1003.77
20:22:20.265, 1003.67
20:22:21.295, 1003.67
20:22:22.278, 1003.73
20:22:23.309, 1003.73
20:22:24.290, 1003.69
20:22:25.318, 1003.63
20:22:26.301, 1003.68
20:22:27.331, 1003.65
20:22:28.315, 1003.60
20:22:29.344, 1003.70
20:22:30.327, 1003.70
20:22:31.357, 1003.62
20:22:32.341, 1003.63
20:22:33.372, 1003.59
20:22:34.355, 1003.65
20:22:35.383, 1003.65
20:22:36.367, 1003.68
20:22:37.395, 1003.63
20:22:38.377, 1003.71
20:22:39.403, 1003.72
20:22:40.384, 1003.64
20:22:41.412, 1003.67
20:22:42.439, 1003.71
20:22:43.423, 1003.67
20:22:44.450, 1003.69
20:22:45.434, 1003.63
20:22:46.462, 1003.69
20:22:47.445, 1003.72
20:22:48.474, 1003.66
20:22:49.458, 1003.71
20:22:50.489, 1003.64
20:22:51.471, 1003.68
20:22:52.502, 1003.69
20:22:53.485, 1003.69
20:22:54.514, 1003.69
20:22:55.496, 1003.78
20:22:56.527, 1003.71
20:22:57.511, 1003.62
20:22:58.539, 1003.61
20:22:59.522, 1003.66
20:23:00.551, 1003.69
20:23:01.534, 1003.70
20:23:02.564, 1003.66
20:23:03.546, 1003.71
20:23:04.577, 1003.75
20:23:05.559, 1003.71
20:23:06.590, 1003.71
20:23:07.571, 1003.70
20:23:08.598, 1003.73
20:23:09.582, 1003.74
20:23:10.612, 1003.70
20:23:11.594, 1003.62
20:23:12.625, 1003.70
20:23:13.608, 1003.72
20:23:14.637, 1003.72
20:23:15.620, 1003.74
20:23:16.649, 1003.80
20:23:17.633, 1003.62
20:23:18.663, 1003.67
20:23:19.645, 1003.64
20:23:20.675, 1003.63
20:23:21.656, 1003.75
20:23:22.687, 1003.69
20:23:23.670, 1003.62
20:23:24.700, 1003.67
20:23:25.686, 1003.70
20:23:26.715, 1003.77
20:23:27.697, 1003.70
20:23:28.729, 1003.65
20:23:29.712, 1003.70
20:23:30.742, 1003.68
20:23:31.725, 1003.63
20:23:32.757, 1003.75
20:23:33.738, 1003.65
20:23:34.769, 1003.73
20:23:35.751, 1003.74
20:23:36.782, 1003.71
20:23:37.766, 1003.67
20:23:38.751, 1003.67
20:23:39.781, 1003.71
20:23:40.764, 1003.75
20:23:41.794, 1003.72
20:23:42.778, 1003.74
20:23:43.807, 1003.66
20:23:44.790, 1003.65
20:23:45.818, 1003.71
20:23:46.848, 1003.59
20:23:47.830, 1003.67
20:23:48.860, 1003.63
20:23:49.841, 1003.69
20:23:50.870, 1003.77
20:23:51.853, 1003.70
20:23:52.882, 1003.58
20:23:53.865, 1003.66
20:23:54.895, 1003.68
20:23:55.877, 1003.66
20:23:56.906, 1003.68
20:23:57.889, 1003.68
20:23:58.918, 1003.73
20:23:59.901, 1003.71
20:24:00.929, 1003.69
20:24:01.911, 1003.68
20:24:02.940, 1003.67
20:24:03.923, 1003.71
20:24:04.954, 1003.64
20:24:05.937, 1003.78
20:24:06.965, 1003.65
20:24:07.946, 1003.72
20:24:08.977, 1003.63
20:24:09.958, 1003.69
20:24:10.986, 1003.62
20:24:11.968, 1003.72
20:24:12.998, 1003.76
20:24:13.981, 1003.71
20:24:15.012, 1003.62
20:24:15.993, 1003.66
20:24:17.022, 1003.69
20:24:18.004, 1003.67
20:24:19.035, 1003.66
20:24:20.020, 1003.63
20:24:21.050, 1003.64
20:24:22.034, 1003.65
20:24:23.063, 1003.59
20:24:24.046, 1003.76
20:24:25.075, 1003.66
20:24:26.058, 1003.71
20:24:27.085, 1003.73
20:24:28.068, 1003.61
20:24:29.100, 1003.73
20:24:30.083, 1003.78
20:24:31.114, 1003.61
20:24:32.096, 1003.70
20:24:33.125, 1003.62
20:24:34.111, 1003.70
20:24:35.141, 1003.77
20:24:36.123, 1003.62
20:24:37.154, 1003.61
20:24:38.135, 1003.66
20:24:39.164, 1003.78
20:24:40.148, 1003.73
20:24:41.178, 1003.76
20:24:42.162, 1003.64
20:24:43.192, 1003.67
20:24:44.176, 1003.67
20:24:45.205, 1003.67
20:24:46.188, 1003.75
20:24:47.217, 1003.74
20:24:48.199, 1003.72
20:24:49.227, 1003.58
20:24:50.212, 1003.72
20:24:51.242, 1003.61
20:24:52.224, 1003.72
20:24:53.255, 1003.75
20:24:54.238, 1003.70
20:24:55.268, 1003.71
20:24:56.250, 1003.73
20:24:57.279, 1003.75
20:24:58.262, 1003.68
20:24:59.295, 1003.67
20:25:00.279, 1003.64
20:25:01.308, 1003.67
20:25:02.292, 1003.66
20:25:03.323, 1003.74
20:25:04.306, 1003.70
20:25:05.336, 1003.70
20:25:06.319, 1003.65
20:25:07.346, 1003.71
20:25:08.328, 1003.78
20:25:09.357, 1003.74
20:25:10.340, 1003.72
20:25:11.371, 1003.86
20:25:12.353, 1003.66
20:25:13.384, 1003.71
20:25:14.369, 1003.68
20:25:15.400, 1003.68
20:25:16.381, 1003.61
20:25:17.412, 1003.64
20:25:18.396, 1003.62
20:25:19.426, 1003.65
20:25:20.408, 1003.70
20:25:21.439, 1003.63
20:25:22.421, 1003.76
20:25:23.451, 1003.59
20:25:24.433, 1003.81
20:25:25.463, 1003.65
20:25:26.445, 1003.68
20:25:27.473, 1003.69
20:25:28.456, 1003.71
20:25:29.487, 1003.73
20:25:30.472, 1003.68
20:25:31.502, 1003.69
20:25:32.486, 1003.61
20:25:33.517, 1003.70
20:25:34.502, 1003.72
20:25:35.532, 1003.77
20:25:36.514, 1003.66
20:25:37.545, 1003.68
20:25:38.530, 1003.69
20:25:39.561, 1003.69
20:25:40.544, 1003.70
20:25:41.573, 1003.76
20:25:42.555, 1003.68
20:25:43.581, 1003.64
20:25:44.565, 1003.57
20:25:45.596, 1003.69
20:25:46.577, 1003.73
20:25:47.607, 1003.64
20:25:48.591, 1003.74
20:25:49.621, 1003.77
20:25:50.603, 1003.70
20:25:51.634, 1003.73
20:25:52.616, 1003.79
20:25:53.647, 1003.69
20:25:54.632, 1003.78
20:25:55.661, 1003.78
20:25:56.643, 1003.82
20:25:57.669, 1003.74
20:25:58.651, 1003.74
20:25:59.681, 1003.79
20:26:00.662, 1003.71
20:26:01.692, 1003.66
20:26:02.676, 1003.74
20:26:03.705, 1003.66
20:26:04.690, 1003.73
20:26:05.720, 1003.72
20:26:06.701, 1003.80
20:26:07.731, 1003.73
20:26:08.717, 1003.70
20:26:09.746, 1003.74
20:26:10.729, 1003.72
20:26:11.761, 1003.80
20:26:12.745, 1003.80
20:26:13.774, 1003.73
20:26:14.759, 1003.66
20:26:15.788, 1003.76
20:26:16.769, 1003.78
20:26:17.801, 1003.70
20:26:18.784, 1003.74
20:26:19.815, 1003.74
20:26:20.799, 1003.72
20:26:21.827, 1003.76
20:26:22.810, 1003.79
20:26:23.838, 1003.80
20:26:24.822, 1003.73
20:26:25.850, 1003.67
20:26:26.831, 1003.89
20:26:27.866, 1003.85
20:26:28.847, 1003.70
20:26:29.878, 1003.75
20:26:30.860, 1003.75
20:26:31.890, 1003.73
20:26:32.873, 1003.71
20:26:33.904, 1003.83
20:26:34.885, 1003.76
20:26:35.914, 1003.73
20:26:36.896, 1003.79
20:26:37.925, 1003.77
20:26:38.909, 1003.78
20:26:39.940, 1003.72
20:26:40.925, 1003.73
20:26:41.954, 1003.70
20:26:42.937, 1003.76
20:26:43.965, 1003.75
20:26:44.949, 1003.75
20:26:45.978, 1003.75
20:26:46.959, 1003.78
20:26:47.991, 1003.77
20:26:48.973, 1003.73
20:26:50.003, 1003.77
20:26:50.988, 1003.80
20:26:52.019, 1003.83
20:26:53.002, 1003.83
20:26:54.034, 1003.75
20:26:55.017, 1003.84
20:26:56.046, 1003.77
20:26:57.027, 1003.68
20:26:58.058, 1003.76
20:26:59.039, 1003.72
20:27:00.068, 1003.77
20:27:01.053, 1003.74
20:27:02.082, 1003.81
20:27:03.064, 1003.81
20:27:04.096, 1003.73
20:27:05.081, 1003.78
20:27:06.110, 1003.75
20:27:07.094, 1003.72
20:27:08.124, 1003.77
20:27:09.109, 1003.74
20:27:10.138, 1003.80
20:27:11.123, 1003.78
20:27:12.155, 1003.77
20:27:13.138, 1003.80
20:27:14.169, 1003.64
20:27:15.152, 1003.73
20:27:16.182, 1003.73
20:27:17.166, 1003.80
20:27:18.198, 1003.71
20:27:19.182, 1003.77
20:27:20.212, 1003.79
20:27:21.197, 1003.79
20:27:22.181, 1003.74
20:27:23.212, 1003.71
20:27:24.194, 1003.77
20:27:25.224, 1003.77
20:27:26.207, 1003.78
20:27:27.237, 1003.74
20:27:28.222, 1003.67
20:27:29.255, 1003.79
20:27:30.237, 1003.79
20:27:31.268, 1003.76
20:27:32.251, 1003.81
20:27:33.282, 1003.82
20:27:34.266, 1003.77
20:27:35.296, 1003.84
20:27:36.278, 1003.83
20:27:37.307, 1003.71
20:27:38.292, 1003.84
20:27:39.321, 1003.72
20:27:40.305, 1003.76
20:27:41.336, 1003.77
20:27:42.319, 1003.83
20:27:43.348, 1003.72
20:27:44.332, 1003.85
20:27:45.363, 1003.79
20:27:46.348, 1003.79
20:27:47.379, 1003.79
20:27:48.364, 1003.76
20:27:49.395, 1003.82
20:27:50.378, 1003.78
20:27:51.409, 1003.77
20:27:52.392, 1003.66
20:27:53.420, 1003.88
20:27:54.404, 1003.74
20:27:55.435, 1003.80
20:27:56.417, 1003.81
20:27:57.446, 1003.73
20:27:58.430, 1003.83
20:27:59.460, 1003.71
20:28:00.444, 1003.71
20:28:01.473, 1003.69
20:28:02.457, 1003.83
20:28:03.487, 1003.66
20:28:04.472, 1003.88
20:28:05.456, 1003.76
20:28:06.486, 1003.73
20:28:07.470, 1003.80
20:28:08.498, 1003.77
20:28:09.526, 1003.83
20:28:10.512, 1003.77
20:28:11.496, 1003.65
20:28:12.526, 1003.81
20:28:13.510, 1003.78
20:28:14.542, 1003.91
20:28:15.526, 1003.82
20:28:16.556, 1003.75
20:28:17.540, 1003.85
20:28:18.573, 1003.83
20:28:19.556, 1003.83
20:28:20.587, 1003.83
20:28:21.570, 1003.82
20:28:22.600, 1003.89
20:28:23.582, 1003.82
20:28:24.614, 1003.81
20:28:25.598, 1003.80
20:28:26.625, 1003.76
20:28:27.606, 1003.84
20:28:28.640, 1003.81
20:28:29.624, 1003.84
20:28:30.654, 1003.80
20:28:31.639, 1003.81
20:28:32.669, 1003.89
20:28:33.652, 1003.91
20:28:34.684, 1003.81
20:28:35.665, 1003.75
20:28:36.695, 1003.80
20:28:37.677, 1003.85
20:28:38.710, 1003.90
20:28:39.693, 1003.79
20:28:40.724, 1003.76
20:28:41.704, 1003.83
20:28:42.733, 1003.80
20:28:43.718, 1003.83
20:28:44.749, 1003.78
20:28:45.733, 1003.83
20:28:46.760, 1003.83
20:28:47.746, 1003.96
20:28:48.776, 1003.75
20:28:49.759, 1003.80
20:28:50.789, 1003.88
20:28:51.773, 1003.83
20:28:52.758, 1003.77
20:28:53.790, 1003.73
20:28:54.772, 1003.74
20:28:55.805, 1003.77
20:28:56.787, 1003.76
20:28:57.818, 1003.81
20:28:58.799, 1003.79
20:28:59.829, 1003.83
20:29:00.812, 1003.86
20:29:01.841, 1003.88
20:29:02.825, 1003.78
20:29:03.856, 1003.82
20:29:04.840, 1003.85
20:29:05.868, 1003.82
20:29:06.850, 1003.81
20:29:07.881, 1003.81
20:29:08.865, 1003.79
20:29:09.895, 1003.84
20:29:10.879, 1003.76
20:29:11.909, 1003.78
20:29:12.892, 1003.87
20:29:13.922, 1003.84
20:29:14.908, 1003.86
20:29:15.937, 1003.84
20:29:16.919, 1003.82
20:29:17.951, 1003.83
20:29:18.936, 1003.70
20:29:19.965, 1003.71
20:29:20.948, 1003.74
20:29:21.977, 1003.76
20:29:22.962, 1003.85
20:29:23.993, 1003.80
20:29:24.977, 1003.74
20:29:26.006, 1003.91
20:29:26.990, 1003.64
20:29:28.020, 1003.80
20:29:29.004, 1003.78
20:29:30.035, 1003.87
20:29:31.018, 1003.80
20:29:32.050, 1003.84
20:29:33.034, 1003.77
20:29:34.064, 1003.80
20:29:35.049, 1003.81
20:29:36.033, 1003.81
20:29:37.063, 1003.89
20:29:38.046, 1003.85
20:29:39.079, 1003.86
20:29:40.063, 1003.90
20:29:41.095, 1003.80
20:29:42.077, 1003.66
20:29:43.107, 1003.74
20:29:44.091, 1003.85
20:29:45.120, 1003.78
20:29:46.104, 1003.82
20:29:47.133, 1003.85
20:29:48.118, 1003.78
20:29:49.147, 1003.87
20:29:50.133, 1003.84
20:29:51.164, 1003.79
20:29:52.147, 1003.84
20:29:53.179, 1003.83
20:29:54.164, 1003.87
20:29:55.194, 1003.84
20:29:56.176, 1003.87
20:29:57.206, 1003.87
20:29:58.189, 1003.80
20:29:59.217, 1003.86
20:30:00.201, 1003.87
20:30:01.230, 1003.81
20:30:02.212, 1003.88
20:30:03.243, 1003.77
20:30:04.226, 1003.79
20:30:05.255, 1003.72
20:30:06.238, 1003.73
20:30:07.267, 1003.69
20:30:08.249, 1003.79
20:30:09.279, 1003.73
20:30:10.262, 1003.86
20:30:11.291, 1003.74
20:30:12.275, 1003.90
20:30:13.306, 1003.83
20:30:14.290, 1003.85
20:30:15.320, 1003.91
20:30:16.303, 1003.80
20:30:17.333, 1003.80
20:30:18.318, 1003.75
20:30:19.349, 1003.93
20:30:20.331, 1003.77
20:30:21.360, 1003.85
20:30:22.345, 1003.93
20:30:23.376, 1003.92
20:30:24.361, 1003.82
20:30:25.390, 1003.82
20:30:26.373, 1003.88
20:30:27.403, 1003.86
20:30:28.386, 1003.71
20:30:29.414, 1003.87
20:30:30.397, 1003.73
20:30:31.425, 1003.75
20:30:32.407, 1003.81
20:30:33.435, 1003.83
20:30:34.415, 1003.82
20:30:35.441, 1003.75
20:30:36.425, 1003.78
20:30:37.455, 1003.81
20:30:38.436, 1003.74
20:30:39.464, 1003.90
20:30:40.446, 1003.86
20:30:41.475, 1003.75
20:30:42.459, 1003.77
20:30:43.488, 1003.84
20:30:44.471, 1003.73
20:30:45.500, 1003.78
20:30:46.530, 1003.71
20:30:47.512, 1003.90
20:30:48.539, 1003.91
20:30:49.523, 1003.90
20:30:50.551, 1003.74
20:30:51.532, 1003.72
20:30:52.562, 1003.76
20:30:53.543, 1003.82
20:30:54.572, 1003.76
20:30:55.558, 1003.76
20:30:56.587, 1003.79
20:30:57.571, 1003.84
20:30:58.598, 1003.85
20:30:59.574, 1003.79
20:31:00.602, 1003.78
20:31:01.587, 1003.77
20:31:02.616, 1003.85
20:31:03.598, 1003.95
20:31:04.628, 1003.77
20:31:05.611, 1003.74
20:31:06.642, 1003.80
20:31:07.622, 1003.84
20:31:08.651, 1003.81
20:31:09.633, 1003.77
20:31:10.662, 1003.84
20:31:11.691, 1003.84
20:31:12.675, 1003.79
20:31:13.705, 1003.93
20:31:14.687, 1003.79
20:31:15.718, 1003.77
20:31:16.702, 1003.77
20:31:17.731, 1003.76
20:31:18.715, 1003.69
20:31:19.743, 1003.73
20:31:20.725, 1003.75
20:31:21.757, 1003.74
20:31:22.742, 1003.74
20:31:23.725, 1003.79
20:31:24.757, 1003.79
20:31:25.740, 1003.78
20:31:26.769, 1003.81
20:31:27.796, 1003.80
20:31:28.778, 1003.81
20:31:29.809, 1003.84
20:31:30.793, 1003.87
20:31:31.778, 1003.78
20:31:32.808, 1003.75
20:31:33.791, 1003.73
20:31:34.824, 1003.75
20:31:35.807, 1003.75
20:31:36.836, 1003.82
20:31:37.818, 1003.68
20:31:38.851, 1003.66
20:31:39.835, 1003.76
20:31:40.863, 1003.78
20:31:41.846, 1003.77
20:31:42.875, 1003.83
20:31:43.903, 1003.77
20:31:44.886, 1003.69
20:31:45.916, 1003.77
20:31:46.899, 1003.73
20:31:47.927, 1003.85
20:31:48.912, 1003.83
20:31:49.898, 1003.72
20:31:50.928, 1003.83
20:31:51.910, 1003.68
20:31:52.940, 1003.83
20:31:53.968, 1003.73
20:31:54.953, 1003.82
20:31:55.937, 1003.83
20:31:56.969, 1003.80
20:31:57.952, 1003.79
20:31:58.981, 1003.95
20:31:59.965, 1003.87
20:32:00.996, 1003.76
20:32:01.978, 1003.76
20:32:03.008, 1003.78
20:32:03.992, 1003.74
20:32:05.022, 1003.84
20:32:06.006, 1003.86
20:32:07.035, 1003.82
20:32:08.017, 1003.72
20:32:09.048, 1003.87
20:32:10.030, 1003.87
20:32:11.060, 1003.92
20:32:12.044, 1003.74
20:32:13.074, 1003.82
20:32:14.057, 1003.79
20:32:15.087, 1003.86
20:32:16.070, 1003.80
20:32:17.100, 1003.86
20:32:18.127, 1003.89
20:32:19.110, 1003.84
20:32:20.140, 1003.84
20:32:21.122, 1003.86
20:32:22.151, 1003.84
20:32:23.133, 1003.75
20:32:24.164, 1003.84
20:32:25.147, 1003.86
20:32:26.177, 1003.73
20:32:27.158, 1003.74
20:32:28.188, 1003.79
20:32:29.172, 1003.87
20:32:30.203, 1003.81
20:32:31.187, 1003.78
20:32:32.216, 1003.80
20:32:33.202, 1003.78
20:32:34.231, 1003.78
20:32:35.215, 1003.88
20:32:36.246, 1003.80
20:32:37.227, 1003.76
20:32:38.254, 1003.84
20:32:39.240, 1003.77
20:32:40.272, 1003.87
20:32:41.256, 1003.78
20:32:42.240, 1003.76
20:32:43.269, 1003.82
20:32:44.254, 1003.66
20:32:45.284, 1003.76
20:32:46.266, 1003.85
20:32:47.296, 1003.84
20:32:48.281, 1003.87
20:32:49.315, 1003.84
20:32:50.299, 1003.73
20:32:51.330, 1003.81
20:32:52.313, 1003.83
20:32:53.342, 1003.80
20:32:54.326, 1003.84
20:32:55.356, 1003.89
20:32:56.339, 1003.84
20:32:57.366, 1003.71
20:32:58.351, 1003.83
20:32:59.376, 1003.81
20:33:00.359, 1003.77
20:33:01.390, 1003.87
20:33:02.372, 1003.76
20:33:03.402, 1003.86
20:33:04.386, 1003.72
20:33:05.416, 1003.75
20:33:06.399, 1003.77
20:33:07.426, 1003.76
20:33:08.456, 1003.81
20:33:09.437, 1003.81
20:33:10.467, 1003.84
20:33:11.451, 1003.75
20:33:12.482, 1003.84
20:33:13.462, 1003.79
20:33:14.493, 1003.84
20:33:15.477, 1003.77
20:33:16.508, 1003.95
20:33:17.490, 1004.17
20:33:18.520, 1004.05
20:33:19.502, 1004.08
20:33:20.533, 1004.14
20:33:21.515, 1004.08
20:33:22.546, 1004.17
20:33:23.528, 1004.30
20:33:24.561, 1004.26
20:33:25.552, 1004.26
20:33:26.534, 1004.32
20:33:27.566, 1004.31
20:33:28.549, 1004.27
20:33:29.582, 1004.29
20:33:30.574, 1004.21
20:33:31.616, 1004.29
20:33:32.599, 1004.26
20:33:33.581, 1004.25
20:33:34.586, 1004.31
20:33:35.646, 1004.25
20:33:36.630, 1004.44
20:33:37.615, 1004.43
20:33:38.643, 1004.31
20:33:39.624, 1004.28
20:33:40.653, 1004.30
20:33:41.639, 1004.38
20:33:42.672, 1004.26
20:33:43.646, 1004.42
20:33:44.690, 1004.41
20:33:45.672, 1004.40
20:33:46.657, 1004.31
20:33:47.688, 1004.42
20:33:48.671, 1004.29
20:33:49.699, 1004.31
20:33:50.727, 1004.37
20:33:51.710, 1004.33
20:33:52.713, 1004.41
20:33:53.730, 1004.48
20:33:54.710, 1004.40
20:33:55.729, 1004.44
20:33:56.825, 1004.38
20:33:57.875, 1004.30
20:33:58.831, 1004.39
20:33:59.782, 1004.36
20:34:00.817, 1004.34
20:34:01.800, 1004.19
20:34:02.764, 1004.17
20:34:03.790, 1004.29
20:34:04.775, 1004.21
20:34:05.806, 1004.20
20:34:06.792, 1004.23
20:34:07.824, 1004.18
20:34:08.809, 1004.16
20:34:09.840, 1004.08
20:34:10.822, 1004.06
20:34:11.875, 1004.05
20:34:12.866, 1004.16
20:34:13.850, 1004.11
20:34:14.841, 1004.00
20:34:15.849, 1004.06
20:34:16.886, 1004.03
20:34:17.883, 1003.96
20:34:18.912, 1003.91
20:34:19.875, 1003.88
20:34:20.904, 1003.95
20:34:21.890, 1004.02
20:34:22.923, 1004.02
20:34:23.904, 1003.97
20:34:24.935, 1003.96
20:34:25.919, 1003.98
20:34:26.948, 1004.02
20:34:27.934, 1004.04
20:34:28.963, 1003.98
20:34:29.945, 1003.95
20:34:30.976, 1004.01
20:34:31.960, 1004.09
20:34:32.991, 1003.95
20:34:33.974, 1004.06
20:34:35.004, 1003.94
20:34:36.046, 1003.98
20:34:37.037, 1004.04
20:34:38.016, 1004.00
20:34:39.088, 1003.92
20:34:40.039, 1003.80
20:34:41.038, 1003.82
20:34:42.023, 1003.93
20:34:43.055, 1003.85
20:34:44.039, 1003.92
20:34:45.071, 1003.91
20:34:46.056, 1003.88
20:34:47.090, 1003.96
20:34:48.070, 1003.94
20:34:49.101, 1003.97
20:34:50.084, 1004.02
20:34:51.112, 1003.92
20:34:52.123, 1003.97
20:34:53.113, 1004.03
20:34:54.102, 1004.04
20:34:55.129, 1003.99
20:34:56.117, 1004.13
20:34:57.138, 1003.98
20:34:58.167, 1004.11
20:34:59.148, 1004.15
20:35:00.153, 1004.03
20:35:01.177, 1004.02
20:35:02.156, 1004.00
20:35:03.187, 1003.96
20:35:04.170, 1003.98
20:35:05.200, 1004.04
20:35:06.183, 1004.03
20:35:07.214, 1003.98
20:35:08.196, 1003.97
20:35:09.224, 1003.99
20:35:10.253, 1004.03
20:35:11.237, 1003.90
20:35:12.269, 1003.97
20:35:13.255, 1003.87
20:35:14.239, 1004.00
20:35:15.270, 1003.94
20:35:16.254, 1004.10
20:35:17.293, 1003.97
20:35:18.278, 1003.95

